#ifndef SNOWBALL_ICON_H
#define SNOWBALL_ICON_H
#include <stdint.h>

// 128x128 RGB565 Snowball Icon (16384 pixels, 32768 bytes)
static const uint16_t g_snowball_icon_128[128 * 128] = {
    0x0000, 0x0000, 0x0000, 0x0000, 0x0000, 0x0000, 0x0000, 0x0000, 0x0000, 0x0000, 0x0000, 0x0000, 0x0000, 0x0000, 0x0000, 0x0000,
    0x0000, 0x0000, 0x0000, 0x0000, 0x0000, 0x0000, 0x0000, 0x0000, 0x0000, 0x0000, 0x0000, 0x0000, 0x0000, 0x0000, 0x0000, 0x0000,
    0x0000, 0x0000, 0x0000, 0x0000, 0x0000, 0x0000, 0x0000, 0x0000, 0x0000, 0x0000, 0x0000, 0x0000, 0x0000, 0x0000, 0x0000, 0x0000,
    0x0000, 0x0000, 0x0000, 0x0000, 0x0000, 0x0000, 0x0000, 0x0000, 0x0000, 0x0000, 0x0000, 0x0000, 0x0000, 0x0000, 0x0000, 0x0000,
    0x0000, 0x0000, 0x0000, 0x0000, 0x0000, 0x0000, 0x0000, 0x0000, 0x0000, 0x0000, 0x0000, 0x0000, 0x0000, 0x0000, 0x0000, 0x0000,
    0x0000, 0x0000, 0x0000, 0x0000, 0x0000, 0x0000, 0x0000, 0x0000, 0x0000, 0x0000, 0x0000, 0x0000, 0x0000, 0x0000, 0x0000, 0x0000,
    0x0000, 0x0000, 0x0000, 0x0000, 0x0000, 0x0000, 0x0000, 0x0000, 0x0000, 0x0000, 0x0000, 0x0000, 0x0000, 0x0000, 0x0000, 0x0000,
    0x0000, 0x0000, 0x0000, 0x0000, 0x0000, 0x0000, 0x0000, 0x0000, 0x0000, 0x0000, 0x0000, 0x0000, 0x0000, 0x0000, 0x0000, 0x0000,
    0x0000, 0x0000, 0x0000, 0x0000, 0x0000, 0x0000, 0x0000, 0x0000, 0x0000, 0x0000, 0x0000, 0x0000, 0x0000, 0x0000, 0x0000, 0x0000,
    0x0000, 0x0000, 0x0000, 0x0000, 0x0000, 0x0000, 0x0000, 0x0000, 0x0000, 0x0000, 0x0000, 0x0000, 0x0000, 0x0000, 0x0000, 0x0000,
    0x0000, 0x0000, 0x0000, 0x0000, 0x0000, 0x0000, 0x0000, 0x0000, 0x0000, 0x0000, 0x0000, 0x0000, 0x0000, 0x0000, 0x0000, 0x0000,
    0x0000, 0x0000, 0x0000, 0x0000, 0x0000, 0x0000, 0x0000, 0x0000, 0x0000, 0x0000, 0x0000, 0x0000, 0x0000, 0x0000, 0x0000, 0x0000,
    0x0000, 0x0000, 0x0000, 0x0000, 0x0000, 0x0000, 0x0000, 0x0000, 0x0000, 0x0000, 0x0000, 0x0000, 0x0000, 0x0000, 0x0000, 0x0000,
    0x0000, 0x0000, 0x0000, 0x0000, 0x0000, 0x0000, 0x0000, 0x0000, 0x0000, 0x0000, 0x0000, 0x0000, 0x0000, 0x0000, 0x0000, 0x0000,
    0x0000, 0x0000, 0x0000, 0x0000, 0x0000, 0x0000, 0x0000, 0x0000, 0x0000, 0x0000, 0x0000, 0x0000, 0x0000, 0x0000, 0x0000, 0x0000,
    0x0000, 0x0000, 0x0000, 0x0000, 0x0000, 0x0000, 0x0000, 0x0000, 0x0000, 0x0000, 0x0000, 0x0000, 0x0000, 0x0000, 0x0000, 0x0000,
    0x0000, 0x0000, 0x0000, 0x0000, 0x0000, 0x0000, 0x0000, 0x0000, 0x0000, 0x0000, 0x0000, 0x0000, 0x0000, 0x0000, 0x0000, 0x0000,
    0x0000, 0x0000, 0x0000, 0x0000, 0x0000, 0x0000, 0x0000, 0x0000, 0x0000, 0x0000, 0x0000, 0x0000, 0x0000, 0x0000, 0x0000, 0x0000,
    0x0000, 0x0000, 0x0000, 0x0000, 0x0000, 0x0000, 0x0000, 0x0000, 0x0000, 0x0000, 0x0000, 0x0000, 0x0000, 0x0000, 0x0000, 0x0000,
    0x0000, 0x0000, 0x0000, 0x0000, 0x0000, 0x0000, 0x0000, 0x0000, 0x0000, 0x0000, 0x0000, 0x0000, 0x0000, 0x0000, 0x0000, 0x0000,
    0x0000, 0x0000, 0x0000, 0x0000, 0x0000, 0x0000, 0x0000, 0x0000, 0x0000, 0x0000, 0x0000, 0x0000, 0x0000, 0x0000, 0x0000, 0x0000,
    0x0000, 0x0000, 0x0000, 0x0000, 0x0000, 0x0000, 0x0000, 0x0000, 0x0000, 0x0000, 0x0000, 0x0000, 0x0000, 0x0000, 0x0000, 0x0000,
    0x0000, 0x0000, 0x0000, 0x0000, 0x0000, 0x0000, 0x0000, 0x0000, 0x0000, 0x0000, 0x0000, 0x0000, 0x0000, 0x0000, 0x0000, 0x0000,
    0x0000, 0x0000, 0x0000, 0x0000, 0x0000, 0x0000, 0x0000, 0x0000, 0x0000, 0x0000, 0x0000, 0x0000, 0x0000, 0x0000, 0x0000, 0x0000,
    0x0000, 0x0000, 0x0000, 0x0000, 0x0000, 0x0000, 0x0000, 0x0000, 0x0000, 0x0000, 0x0000, 0x0000, 0x0000, 0x0000, 0x0000, 0x0000,
    0x0000, 0x0000, 0x0000, 0x0000, 0x0000, 0x0000, 0x0000, 0x0000, 0x0000, 0x0000, 0x0000, 0x0000, 0x0000, 0x0000, 0x0000, 0x0000,
    0x0000, 0x0000, 0x0000, 0x0000, 0x0000, 0x0000, 0x0000, 0x0000, 0x0000, 0x0000, 0x0000, 0x0000, 0x0000, 0x0000, 0x0000, 0x0000,
    0x0000, 0x0000, 0x0000, 0x0000, 0x0000, 0x0000, 0x0000, 0x0000, 0x0000, 0x0000, 0x0000, 0x0000, 0x0000, 0x0000, 0x0000, 0x0000,
    0x0000, 0x0000, 0x0000, 0x0000, 0x0000, 0x0000, 0x0000, 0x0000, 0x0000, 0x0000, 0x0000, 0x0000, 0x0000, 0x0000, 0x0000, 0x0000,
    0x0000, 0x0000, 0x0000, 0x0000, 0x0000, 0x0000, 0x0000, 0x0000, 0x0000, 0x0000, 0x0000, 0x0000, 0x0000, 0x0000, 0x0000, 0x0000,
    0x0000, 0x0000, 0x0000, 0x0000, 0x0000, 0x0000, 0x0000, 0x0000, 0x0000, 0x0000, 0x0000, 0x0000, 0x0000, 0x0000, 0x0000, 0x0000,
    0x0000, 0x0000, 0x0000, 0x0000, 0x0000, 0x0000, 0x0000, 0x0000, 0x0000, 0x0000, 0x0000, 0x0000, 0x0000, 0x0000, 0x0000, 0x0000,
    0x0000, 0x0000, 0x0000, 0x0000, 0x0000, 0x0000, 0x0000, 0x0000, 0x0000, 0x0000, 0x0000, 0x0000, 0x0000, 0x0000, 0x0000, 0x0000,
    0x0000, 0x0000, 0x0000, 0x0000, 0x0000, 0x0000, 0x0000, 0x0000, 0x0000, 0x0000, 0x0000, 0x0000, 0x0000, 0x0000, 0x0000, 0x0000,
    0x0000, 0x0000, 0x0000, 0x0000, 0x0000, 0x0000, 0x0000, 0x0000, 0x0000, 0x0000, 0x0000, 0x0000, 0x0000, 0x0000, 0x0000, 0x0000,
    0x0000, 0x0000, 0x0000, 0x0000, 0x0000, 0x0000, 0x0000, 0x0000, 0x0000, 0x0000, 0x0000, 0x0000, 0x0000, 0x0000, 0x0000, 0x0000,
    0x0000, 0x0000, 0x0000, 0x0000, 0x0000, 0x0000, 0x0000, 0x0000, 0x0000, 0x0000, 0x0000, 0x0000, 0x0000, 0x0000, 0x0000, 0x0000,
    0x0000, 0x0000, 0x0000, 0x0000, 0x0000, 0x0000, 0x0000, 0x0000, 0x0000, 0x0000, 0x0000, 0x0000, 0x0000, 0x0000, 0x0000, 0x0000,
    0x0000, 0x0000, 0x0000, 0x0000, 0x0000, 0x0000, 0x0000, 0x0000, 0x0000, 0x0000, 0x0000, 0x0000, 0x0000, 0x0000, 0x0000, 0x0000,
    0x0000, 0x0000, 0x0000, 0x0000, 0x0000, 0x0000, 0x0000, 0x0000, 0x0000, 0x0000, 0x0000, 0x0000, 0x0000, 0x0000, 0x0000, 0x0000,
    0x0000, 0x0000, 0x0000, 0x0000, 0x0000, 0x0000, 0x0000, 0x0000, 0x0000, 0x0000, 0x0000, 0x0000, 0x0000, 0x0000, 0x0000, 0x0000,
    0x0000, 0x0000, 0x0000, 0x0000, 0x0000, 0x0000, 0x0000, 0x0000, 0x0000, 0x0000, 0x0000, 0x0000, 0x0000, 0x0000, 0x0000, 0x0000,
    0x0000, 0x0000, 0x0000, 0x0000, 0x0000, 0x0000, 0x0000, 0x0000, 0x0000, 0x0000, 0x0000, 0x0000, 0x0000, 0x0000, 0x0000, 0x0000,
    0x0000, 0x0000, 0x0000, 0x0000, 0x0000, 0x0000, 0x0000, 0x0000, 0x0000, 0x0000, 0x0000, 0x0000, 0x0000, 0x0000, 0x0000, 0x0000,
    0x0000, 0x0000, 0x0000, 0x0000, 0x0000, 0x0000, 0x0000, 0x0000, 0x0000, 0x0000, 0x0000, 0x0000, 0x0000, 0x0000, 0x0000, 0x0000,
    0x0000, 0x0000, 0x0000, 0x0000, 0x0000, 0x0000, 0x0000, 0x0000, 0x0000, 0x0000, 0x0000, 0x0000, 0x0000, 0x0000, 0x0000, 0x0000,
    0x0000, 0x0000, 0x0000, 0x0000, 0x0000, 0x0000, 0x0000, 0x0000, 0x0000, 0x0000, 0x0000, 0x0000, 0x0000, 0x0000, 0x0000, 0x0000,
    0x0000, 0x0000, 0x0000, 0x0000, 0x0000, 0x0000, 0x0000, 0x0000, 0x0000, 0x0000, 0x0000, 0x0000, 0x0000, 0x0000, 0x0000, 0x0000,
    0x0000, 0x0000, 0x0000, 0x0000, 0x0000, 0x0000, 0x0000, 0x0000, 0x0000, 0x0000, 0x0000, 0x0000, 0x0000, 0x0000, 0x0000, 0x0000,
    0x0000, 0x0000, 0x0000, 0x0000, 0x0000, 0x0000, 0x0000, 0x0000, 0x0000, 0x0000, 0x0000, 0x0000, 0x0000, 0x0000, 0x0000, 0x0000,
    0x0000, 0x0000, 0x0000, 0x0000, 0x0000, 0x0000, 0x0000, 0x0000, 0x0000, 0x0000, 0x0000, 0x0000, 0x0000, 0x0000, 0x0000, 0x0000,
    0x0000, 0x0000, 0x0000, 0x0000, 0x0000, 0x0000, 0x0000, 0x0000, 0x0000, 0x0000, 0x0000, 0x0000, 0x0000, 0x0000, 0x0000, 0x0000,
    0x0000, 0x0000, 0x0000, 0x0000, 0x0000, 0x0000, 0x0000, 0x0000, 0x0000, 0x0000, 0x0000, 0x0000, 0x0000, 0x0000, 0x0000, 0x0000,
    0x0000, 0x0000, 0x0000, 0x0000, 0x0000, 0x0000, 0x0000, 0x0000, 0x0000, 0x0000, 0x0000, 0x0000, 0x0000, 0x0000, 0x0000, 0x0000,
    0x0000, 0x0000, 0x0000, 0x0000, 0x0000, 0x0000, 0x0000, 0x0000, 0x0000, 0x0000, 0x0000, 0x0000, 0x0000, 0x0000, 0x0000, 0x0000,
    0x0000, 0x0000, 0x0000, 0x0000, 0x0000, 0x0000, 0x0000, 0x0000, 0x0000, 0x0000, 0x0000, 0x0000, 0x0000, 0x0000, 0x0000, 0x0000,
    0x0000, 0x0000, 0x0000, 0x0000, 0x0000, 0x0000, 0x0000, 0x0000, 0x0000, 0x0000, 0x0000, 0x0000, 0x0000, 0x0000, 0x0000, 0x0000,
    0x0000, 0x0000, 0x0000, 0x0000, 0x0000, 0x0000, 0x0000, 0x0000, 0x0000, 0x0000, 0x0000, 0x0862, 0x10E6, 0x1969, 0x21CC, 0x21EE,
    0x220F, 0x2250, 0x2250, 0x2250, 0x2250, 0x2230, 0x2230, 0x2230, 0x2230, 0x2230, 0x2230, 0x2230, 0x220F, 0x2210, 0x220F, 0x220F,
    0x220F, 0x220F, 0x220F, 0x220F, 0x220F, 0x220F, 0x220F, 0x220F, 0x220F, 0x220F, 0x220F, 0x220F, 0x19EF, 0x19EF, 0x220F, 0x220F,
    0x19EF, 0x19EF, 0x19EF, 0x19EE, 0x21EF, 0x1A0F, 0x19EF, 0x19EF, 0x19EF, 0x21EF, 0x19EF, 0x19EF, 0x1A0F, 0x220F, 0x19EF, 0x19EF,
    0x19EF, 0x19EF, 0x220F, 0x220F, 0x2230, 0x2230, 0x220F, 0x220F, 0x220F, 0x2230, 0x2230, 0x2230, 0x2230, 0x2230, 0x2230, 0x2230,
    0x220F, 0x21EE, 0x21AC, 0x1949, 0x10E6, 0x0883, 0x0000, 0x0000, 0x0000, 0x0000, 0x0000, 0x0000, 0x0000, 0x0000, 0x0000, 0x0000,
    0x0000, 0x0000, 0x0000, 0x0000, 0x0000, 0x0000, 0x0000, 0x0000, 0x0000, 0x0000, 0x0000, 0x0000, 0x0000, 0x0000, 0x0000, 0x0000,
    0x0000, 0x0000, 0x0000, 0x0000, 0x0000, 0x0000, 0x0000, 0x0000, 0x0000, 0x0000, 0x0000, 0x0000, 0x0000, 0x0000, 0x0000, 0x0000,
    0x0000, 0x0000, 0x0000, 0x0000, 0x0000, 0x0000, 0x0000, 0x0000, 0x10E6, 0x21ED, 0x32B3, 0x3316, 0x3317, 0x2AD6, 0x2AB5, 0x2294,
    0x2273, 0x2273, 0x1A52, 0x1A52, 0x1A32, 0x1A32, 0x1A32, 0x1A11, 0x1A11, 0x1A31, 0x1A11, 0x1A11, 0x1A31, 0x1A11, 0x1A11, 0x1A11,
    0x1A11, 0x1A11, 0x1210, 0x1210, 0x1211, 0x1211, 0x11F0, 0x11F0, 0x11F0, 0x11F0, 0x11F0, 0x11F0, 0x11F0, 0x11F0, 0x11F0, 0x19F0,
    0x11CF, 0x11CF, 0x11CF, 0x11CF, 0x11F0, 0x11F0, 0x11CF, 0x11CF, 0x11D0, 0x11D0, 0x11CF, 0x11CF, 0x11D0, 0x11EF, 0x11F0, 0x11D0,
    0x11D0, 0x11D0, 0x11D0, 0x1211, 0x1A11, 0x1A11, 0x11F1, 0x11F0, 0x11F0, 0x1211, 0x1211, 0x1A11, 0x1A11, 0x1A11, 0x1A11, 0x1A32,
    0x1A52, 0x1A53, 0x2273, 0x2AB5, 0x2AF5, 0x3316, 0x32B3, 0x21EE, 0x1107, 0x0020, 0x0000, 0x0000, 0x0000, 0x0000, 0x0000, 0x0000,
    0x0000, 0x0000, 0x0000, 0x0000, 0x0000, 0x0000, 0x0000, 0x0000, 0x0000, 0x0000, 0x0000, 0x0000, 0x0000, 0x0000, 0x0000, 0x0000,
    0x0000, 0x0000, 0x0000, 0x0000, 0x0000, 0x0000, 0x0000, 0x0000, 0x0000, 0x0000, 0x0000, 0x0000, 0x0000, 0x0000, 0x0000, 0x0000,
    0x0000, 0x0000, 0x0000, 0x0000, 0x0000, 0x0041, 0x21AB, 0x32D4, 0x3317, 0x2AF6, 0x2294, 0x1A52, 0x1A11, 0x1A10, 0x1A10, 0x1A10,
    0x1A10, 0x19F0, 0x19EF, 0x19EF, 0x19EF, 0x19EF, 0x19EF, 0x19CF, 0x11CF, 0x11CF, 0x11CF, 0x11CF, 0x11CF, 0x11CF, 0x11CE, 0x11CE,
    0x11CF, 0x11AE, 0x11AE, 0x11AE, 0x11AE, 0x11AE, 0x11AE, 0x118E, 0x11AE, 0x118D, 0x118E, 0x118E, 0x11AE, 0x11AE, 0x118D, 0x118D,
    0x118D, 0x118D, 0x118D, 0x118D, 0x118D, 0x118D, 0x118D, 0x118D, 0x118D, 0x118D, 0x118D, 0x098D, 0x098D, 0x118D, 0x118D, 0x118D,
    0x118D, 0x118D, 0x118D, 0x11AE, 0x11AE, 0x11AE, 0x118E, 0x118E, 0x11AE, 0x11AE, 0x11AE, 0x11CE, 0x11CF, 0x11AF, 0x11CF, 0x11CF,
    0x11CF, 0x11CF, 0x11EF, 0x11F0, 0x11F0, 0x1A11, 0x2253, 0x2AD5, 0x3316, 0x32D4, 0x21CC, 0x0862, 0x0000, 0x0000, 0x0000, 0x0000,
    0x0000, 0x0000, 0x0000, 0x0000, 0x0000, 0x0000, 0x0000, 0x0000, 0x0000, 0x0000, 0x0000, 0x0000, 0x0000, 0x0000, 0x0000, 0x0000,
    0x0000, 0x0000, 0x0000, 0x0000, 0x0000, 0x0000, 0x0000, 0x0000, 0x0000, 0x0000, 0x0000, 0x0000, 0x0000, 0x0000, 0x0000, 0x0000,
    0x0000, 0x0000, 0x0000, 0x0020, 0x21AC, 0x3315, 0x3317, 0x2294, 0x1A31, 0x1A10, 0x1A10, 0x1A10, 0x1A10, 0x19F0, 0x1A10, 0x19F0,
    0x19EF, 0x19EF, 0x19EF, 0x19CF, 0x11CF, 0x19CF, 0x19CF, 0x11CE, 0x11CE, 0x11AE, 0x11AE, 0x11AE, 0x11AE, 0x11AE, 0x118D, 0x11AE,
    0x11AE, 0x118D, 0x118D, 0x118D, 0x118D, 0x118D, 0x118D, 0x118D, 0x118D, 0x118D, 0x118D, 0x116D, 0x116D, 0x118D, 0x118C, 0x116C,
    0x096C, 0x012B, 0x010B, 0x010B, 0x010A, 0x010B, 0x094C, 0x116C, 0x116C, 0x096C, 0x096C, 0x096C, 0x096C, 0x096C, 0x096C, 0x096C,
    0x096C, 0x096C, 0x096D, 0x118D, 0x118D, 0x116D, 0x118D, 0x118D, 0x118E, 0x118E, 0x11AE, 0x11AE, 0x11AE, 0x118E, 0x11AE, 0x11AE,
    0x11AE, 0x11AE, 0x11CF, 0x11CF, 0x11CF, 0x11EF, 0x11EF, 0x11EF, 0x19F0, 0x1A52, 0x2AD6, 0x3316, 0x21ED, 0x0021, 0x0000, 0x0000,
    0x0000, 0x0000, 0x0000, 0x0000, 0x0000, 0x0000, 0x0000, 0x0000, 0x0000, 0x0000, 0x0000, 0x0000, 0x0000, 0x0000, 0x0000, 0x0000,
    0x0000, 0x0000, 0x0000, 0x0000, 0x0000, 0x0000, 0x0000, 0x0000, 0x0000, 0x0000, 0x0000, 0x0000, 0x0000, 0x0000, 0x0000, 0x0000,
    0x0000, 0x0000, 0x1107, 0x3B15, 0x3338, 0x2273, 0x1A31, 0x1A31, 0x1A10, 0x1A10, 0x19EF, 0x19EF, 0x19EF, 0x19EF, 0x19EF, 0x19EF,
    0x19EF, 0x19CF, 0x19CF, 0x19CE, 0x11CE, 0x19CE, 0x11AE, 0x11AE, 0x11AD, 0x11AD, 0x11AD, 0x11AD, 0x118D, 0x118D, 0x116C, 0x116C,
    0x116D, 0x096C, 0x116C, 0x116C, 0x096C, 0x096C, 0x096C, 0x094C, 0x094C, 0x096C, 0x094C, 0x094B, 0x094B, 0x094B, 0x096B, 0x092B,
    0x012A, 0x3A8E, 0x7C54, 0xA557, 0x9516, 0x6392, 0x21CC, 0x00EA, 0x094B, 0x114C, 0x094B, 0x094B, 0x094B, 0x094B, 0x094B, 0x094B,
    0x094B, 0x094C, 0x094C, 0x096C, 0x096C, 0x094C, 0x096C, 0x096C, 0x096C, 0x096D, 0x118D, 0x118D, 0x118D, 0x118D, 0x118D, 0x118D,
    0x118D, 0x118D, 0x11AE, 0x11AE, 0x11AE, 0x11CE, 0x11CF, 0x11CF, 0x11CF, 0x19EF, 0x19F0, 0x1A31, 0x2AD5, 0x32D4, 0x1928, 0x0000,
    0x0000, 0x0000, 0x0000, 0x0000, 0x0000, 0x0000, 0x0000, 0x0000, 0x0000, 0x0000, 0x0000, 0x0000, 0x0000, 0x0000, 0x0000, 0x0000,
    0x0000, 0x0000, 0x0000, 0x0000, 0x0000, 0x0000, 0x0000, 0x0000, 0x0000, 0x0000, 0x0000, 0x0000, 0x0000, 0x0000, 0x0000, 0x0000,
    0x0000, 0x2A2E, 0x3B78, 0x2AD5, 0x1A31, 0x1A31, 0x1A10, 0x1A10, 0x1A10, 0x1A0F, 0x19EF, 0x19EF, 0x19EF, 0x19EF, 0x19CF, 0x19EF,
    0x19CE, 0x11AE, 0x11AE, 0x11AE, 0x11AD, 0x11AD, 0x118D, 0x118D, 0x118D, 0x118D, 0x118D, 0x116C, 0x116C, 0x096C, 0x096C, 0x096C,
    0x094B, 0x094B, 0x094B, 0x092A, 0x092A, 0x092A, 0x092A, 0x094B, 0x096B, 0x118C, 0x11AD, 0x11AE, 0x118D, 0x096C, 0x00EA, 0x2A2E,
    0xADB8, 0xFFDF, 0xFFFF, 0xFFFF, 0xFFFF, 0xFFFF, 0xE71D, 0x6BD3, 0x092B, 0x094B, 0x096C, 0x096C, 0x096C, 0x094B, 0x094B, 0x012A,
    0x012A, 0x012A, 0x092A, 0x092A, 0x092B, 0x094B, 0x094C, 0x094C, 0x096C, 0x096C, 0x096C, 0x096C, 0x096C, 0x116C, 0x096C, 0x096C,
    0x116D, 0x118D, 0x118D, 0x118D, 0x118D, 0x11AE, 0x11AE, 0x11AE, 0x11AE, 0x11CE, 0x19CF, 0x19EF, 0x11EF, 0x2252, 0x3317, 0x2A0E,
    0x0000, 0x0000, 0x0000, 0x0000, 0x0000, 0x0000, 0x0000, 0x0000, 0x0000, 0x0000, 0x0000, 0x0000, 0x0000, 0x0000, 0x0000, 0x0000,
    0x0000, 0x0000, 0x0000, 0x0000, 0x0000, 0x0000, 0x0000, 0x0000, 0x0000, 0x0000, 0x0000, 0x0000, 0x0000, 0x0000, 0x0000, 0x0862,
    0x32D3, 0x3358, 0x2272, 0x2231, 0x1A31, 0x1A10, 0x1A10, 0x1A0F, 0x19EF, 0x19EF, 0x19EF, 0x19CF, 0x19CE, 0x19CE, 0x19CE, 0x19CE,
    0x11AE, 0x11AD, 0x118D, 0x118D, 0x118D, 0x118D, 0x118C, 0x116C, 0x116C, 0x116C, 0x114C, 0x094B, 0x094B, 0x092A, 0x092A, 0x012A,
    0x094A, 0x118C, 0x11AD, 0x19EF, 0x1A10, 0x1A31, 0x2231, 0x2252, 0x2252, 0x2252, 0x1A10, 0x11CF, 0x118D, 0x012C, 0x5B92, 0xEF7E,
    0xFFFF, 0xFFDE, 0xFFBD, 0xFFBE, 0xFFDE, 0xFFDF, 0xFFFF, 0xFFFF, 0x8CD6, 0x010A, 0x094C, 0x098D, 0x11AE, 0x11CF, 0x11CF, 0x11EF,
    0x11EF, 0x11CF, 0x11CE, 0x118D, 0x096C, 0x094B, 0x012A, 0x010A, 0x010A, 0x092B, 0x094B, 0x094B, 0x094C, 0x012B, 0x012C, 0x094C,
    0x00EA, 0x012B, 0x096C, 0x116C, 0x118D, 0x118D, 0x118D, 0x118D, 0x118D, 0x11AE, 0x11AE, 0x11CE, 0x11CF, 0x19EF, 0x1A10, 0x2AF6,
    0x2A72, 0x0042, 0x0000, 0x0000, 0x0000, 0x0000, 0x0000, 0x0000, 0x0000, 0x0000, 0x0000, 0x0000, 0x0000, 0x0000, 0x0000, 0x0000,
    0x0000, 0x0000, 0x0000, 0x0000, 0x0000, 0x0000, 0x0000, 0x0000, 0x0000, 0x0000, 0x0000, 0x0000, 0x0000, 0x0000, 0x0863, 0x3B15,
    0x2AF6, 0x2231, 0x2231, 0x2230, 0x1A10, 0x1A10, 0x1A0F, 0x19EF, 0x19EF, 0x19EE, 0x19CE, 0x19CE, 0x11AE, 0x11AD, 0x11AD, 0x118D,
    0x118D, 0x118C, 0x116C, 0x116C, 0x116C, 0x116C, 0x116B, 0x094B, 0x094B, 0x094B, 0x092A, 0x0109, 0x094A, 0x11AD, 0x1A0F, 0x2231,
    0x2A93, 0x2AB4, 0x2294, 0x2273, 0x1A32, 0x1A11, 0x11F0, 0x09AF, 0x098D, 0x096C, 0x096C, 0x012A, 0x092A, 0x9516, 0xFFFF, 0xFFFE,
    0xF79D, 0xF79D, 0xF79D, 0xFFBE, 0xFFDE, 0xFFDE, 0xFFDF, 0xFFFF, 0xFFFF, 0x8CB5, 0x00C9, 0x092A, 0x092B, 0x014B, 0x016C, 0x098D,
    0x09AE, 0x09CF, 0x11F0, 0x1211, 0x1A32, 0x1A73, 0x1A52, 0x1A10, 0x19EF, 0x118C, 0x092A, 0x0109, 0x00EA, 0x2A2F, 0xB61B, 0xBE5B,
    0x7475, 0x324F, 0x010B, 0x010B, 0x094C, 0x096C, 0x116C, 0x116C, 0x118D, 0x118D, 0x118D, 0x11AE, 0x11AE, 0x11CF, 0x19EF, 0x19F0,
    0x2AB5, 0x32D4, 0x0842, 0x0000, 0x0000, 0x0000, 0x0000, 0x0000, 0x0000, 0x0000, 0x0000, 0x0000, 0x0000, 0x0000, 0x0000, 0x0000,
    0x0000, 0x0000, 0x0000, 0x0000, 0x0000, 0x0000, 0x0000, 0x0000, 0x0000, 0x0000, 0x0000, 0x0000, 0x0000, 0x0863, 0x3B15, 0x2AD5,
    0x1A10, 0x1A30, 0x1A10, 0x1A10, 0x19EF, 0x19EF, 0x19EF, 0x19CE, 0x19CE, 0x19CE, 0x19AD, 0x11AD, 0x118D, 0x118C, 0x116C, 0x116C,
    0x116C, 0x116B, 0x096B, 0x094B, 0x094B, 0x094B, 0x094B, 0x090A, 0x00E9, 0x094A, 0x19EE, 0x2A72, 0x32F5, 0x3317, 0x2AD6, 0x2A94,
    0x2253, 0x1A12, 0x19F1, 0x11F0, 0x11CF, 0x09AE, 0x098D, 0x096D, 0x094C, 0x096C, 0x012A, 0x116B, 0xB5D9, 0xFFFF, 0xFFBE, 0xF79C,
    0xF77C, 0xF79D, 0xF79D, 0xFFBD, 0xF77C, 0xF75C, 0xF79D, 0xFFDE, 0xFFFF, 0xFFFF, 0x63B1, 0x00C9, 0x094B, 0x094B, 0x094B, 0x014C,
    0x014C, 0x014C, 0x014D, 0x098E, 0x09AF, 0x09D0, 0x1212, 0x1A53, 0x22B6, 0x2AF7, 0x22D5, 0x2273, 0x098F, 0xA599, 0xF7FF, 0xCFFF,
    0xCFFF, 0xCF7F, 0x9DB9, 0x5351, 0x116C, 0x00EA, 0x012B, 0x096C, 0x116C, 0x116C, 0x116C, 0x118D, 0x11AD, 0x11AE, 0x11CE, 0x11CF,
    0x19EF, 0x2294, 0x32B3, 0x0842, 0x0000, 0x0000, 0x0000, 0x0000, 0x0000, 0x0000, 0x0000, 0x0000, 0x0000, 0x0000, 0x0000, 0x0000,
    0x0000, 0x0000, 0x0000, 0x0000, 0x0000, 0x0000, 0x0000, 0x0000, 0x0000, 0x0000, 0x0000, 0x0000, 0x0021, 0x32F4, 0x2AD5, 0x2231,
    0x1A10, 0x1A10, 0x1A10, 0x19EF, 0x19EF, 0x19CE, 0x19CE, 0x19AE, 0x11AD, 0x11AD, 0x118D, 0x118C, 0x116C, 0x116C, 0x114B, 0x114B,
    0x094B, 0x094A, 0x092A, 0x092A, 0x0109, 0x00C8, 0x0909, 0x19CD, 0x32B3, 0x3B37, 0x3317, 0x32F7, 0x2AB6, 0x2A94, 0x2A74, 0x2232,
    0x2232, 0x1A11, 0x11EF, 0x11AE, 0x098D, 0x096D, 0x094C, 0x094C, 0x094B, 0x010A, 0x116A, 0xBE3A, 0xFFFF, 0xFFBD, 0xF77C, 0xF77C,
    0xF77C, 0xF77C, 0xF79D, 0xF75C, 0xEF1B, 0xEF3B, 0xF75C, 0xF77D, 0xFFBE, 0xFFFF, 0xEF9E, 0x29EC, 0x00E9, 0x092A, 0x092A, 0x012B,
    0x012B, 0x014C, 0x014D, 0x096E, 0x098E, 0x098F, 0x09B0, 0x11F1, 0x11F2, 0x1233, 0x1A96, 0x22D8, 0x22F9, 0xBEBE, 0xD7FF, 0xB77F,
    0xAF5F, 0xA73F, 0xAF5F, 0xBF5F, 0xAE7C, 0x6C34, 0x220E, 0x00EA, 0x012B, 0x094C, 0x096C, 0x116C, 0x118D, 0x118D, 0x11AE, 0x11AE,
    0x19CF, 0x19CF, 0x2AB4, 0x2A92, 0x0000, 0x0000, 0x0000, 0x0000, 0x0000, 0x0000, 0x0000, 0x0000, 0x0000, 0x0000, 0x0000, 0x0000,
    0x0000, 0x0000, 0x0000, 0x0000, 0x0000, 0x0000, 0x0000, 0x0000, 0x0000, 0x0000, 0x0000, 0x0000, 0x3291, 0x2AF6, 0x2231, 0x2210,
    0x1A0F, 0x19EF, 0x19EF, 0x19EF, 0x19CE, 0x19AE, 0x11AD, 0x118D, 0x118D, 0x118C, 0x116C, 0x114C, 0x092A, 0x092A, 0x092A, 0x094B,
    0x096C, 0x096C, 0x094B, 0x092B, 0x116B, 0x32B0, 0x4BB8, 0x43BA, 0x3B59, 0x32F6, 0x2A95, 0x2A94, 0x2A94, 0x2A73, 0x3AD4, 0x3AD4,
    0x11D0, 0x11CF, 0x11AD, 0x098D, 0x096C, 0x094C, 0x094C, 0x094B, 0x010A, 0x114A, 0xBE3A, 0xFFFF, 0xFF9D, 0xF77C, 0xF77C, 0xF77C,
    0xF77C, 0xF77D, 0xF77C, 0xF71B, 0xF73B, 0xEF3B, 0xF73C, 0xF77C, 0xF79D, 0xFFDE, 0xFFFF, 0xAD98, 0x00E8, 0x0929, 0x092A, 0x012A,
    0x012B, 0x012B, 0x014C, 0x014D, 0x016D, 0x096E, 0x098F, 0x09B0, 0x11F1, 0x1212, 0x1A54, 0x1A75, 0x1AB8, 0xA63E, 0xCFBF, 0xA73F,
    0x9EFF, 0x96BF, 0x8E9F, 0x8E5F, 0x8E7F, 0xA71F, 0xA69E, 0x7CB7, 0x324E, 0x00EA, 0x012B, 0x096C, 0x116C, 0x118D, 0x118D, 0x118D,
    0x11AE, 0x11CF, 0x11CF, 0x2AB5, 0x2A2F, 0x0000, 0x0000, 0x0000, 0x0000, 0x0000, 0x0000, 0x0000, 0x0000, 0x0000, 0x0000, 0x0000,
    0x0000, 0x0000, 0x0000, 0x0000, 0x0000, 0x0000, 0x0000, 0x0000, 0x0000, 0x0000, 0x0000, 0x21AB, 0x3317, 0x1A10, 0x1A10, 0x1A0F,
    0x19EF, 0x19CF, 0x19CE, 0x19CE, 0x19AD, 0x19AD, 0x118D, 0x118C, 0x116C, 0x092B, 0x094B, 0x19CD, 0x222F, 0x2250, 0x2271, 0x1A31,
    0x1A10, 0x11F1, 0x2272, 0x3377, 0x54BD, 0x5CDE, 0x441C, 0x3BBA, 0x4399, 0x3B79, 0x3B79, 0x3316, 0x32D5, 0x2AB5, 0x32D5, 0xB61C,
    0x7455, 0x012C, 0x118C, 0x116C, 0x094B, 0x094B, 0x094B, 0x092A, 0x0909, 0xB5F9, 0xFFFF, 0xFF9D, 0xF77C, 0xF77C, 0xF77C, 0xF77C,
    0xF77C, 0xF79D, 0xF73B, 0xEF1A, 0xEF3B, 0xEF3B, 0xF75C, 0xF75C, 0xF77D, 0xF79D, 0xFFFF, 0xFFFF, 0x530F, 0x00C8, 0x0929, 0x092A,
    0x092A, 0x010A, 0x012B, 0x014B, 0x014C, 0x014D, 0x096E, 0x098F, 0x11D0, 0x1212, 0x1233, 0x1A75, 0x1298, 0x9DFE, 0xC79F, 0x9EFF,
    0x86BF, 0x7E5F, 0x7E1F, 0x761F, 0x75FF, 0x75DF, 0x6DDF, 0x8E5F, 0xA67E, 0x84D7, 0x324E, 0x00EA, 0x012B, 0x116C, 0x116C, 0x118D,
    0x118D, 0x11AE, 0x11AE, 0x19CF, 0x32F6, 0x1949, 0x0000, 0x0000, 0x0000, 0x0000, 0x0000, 0x0000, 0x0000, 0x0000, 0x0000, 0x0000,
    0x0000, 0x0000, 0x0000, 0x0000, 0x0000, 0x0000, 0x0000, 0x0000, 0x0000, 0x0000, 0x08A4, 0x3B37, 0x1A31, 0x1A10, 0x19EF, 0x19EF,
    0x19CF, 0x19CE, 0x19AD, 0x19AD, 0x11AD, 0x118C, 0x114B, 0x092B, 0x19CD, 0x32D0, 0x3B32, 0x32F2, 0x2270, 0x19EF, 0x11CE, 0x096D,
    0x098D, 0x3334, 0x54BC, 0x549E, 0x441B, 0x43DA, 0x3BBA, 0x3BB9, 0x3B99, 0x3B99, 0x3B78, 0x4378, 0x3B58, 0x53D9, 0x749A, 0x74BB,
    0xFFDF, 0x8474, 0x090A, 0x116B, 0x114B, 0x092A, 0x092A, 0x00E9, 0xA557, 0xFFFF, 0xFFBE, 0xF75C, 0xF75C, 0xF77C, 0xF77C, 0xF77C,
    0xF77C, 0xF79D, 0xEEFA, 0xEF1B, 0xEF1B, 0xEF3B, 0xF73C, 0xF75C, 0xF77C, 0xF79D, 0xFFBE, 0xFFFF, 0xC63A, 0x0908, 0x1129, 0x0929,
    0x0909, 0x0109, 0x010A, 0x010A, 0x012B, 0x014C, 0x014D, 0x098E, 0x09AF, 0x11F1, 0x1212, 0x1A54, 0x1257, 0x95BD, 0xBF7F, 0x96BF,
    0x869F, 0x7E3F, 0x6DFF, 0x659F, 0x657F, 0x657F, 0x657F, 0x655F, 0x655F, 0x861F, 0xA65E, 0x7C96, 0x21CD, 0x00EA, 0x094C, 0x116C,
    0x118D, 0x118D, 0x118D, 0x11AE, 0x19F0, 0x32D5, 0x0863, 0x0000, 0x0000, 0x0000, 0x0000, 0x0000, 0x0000, 0x0000, 0x0000, 0x0000,
    0x0000, 0x0000, 0x0000, 0x0000, 0x0000, 0x0000, 0x0000, 0x0000, 0x0000, 0x0000, 0x3292, 0x2AB4, 0x1A10, 0x19EF, 0x19EF, 0x19CE,
    0x19CE, 0x19AD, 0x19AD, 0x118C, 0x116C, 0x092B, 0x220D, 0x4352, 0x4B93, 0x3290, 0x11AC, 0x092B, 0x092B, 0x012B, 0x012B, 0x32F2,
    0x5CBB, 0x54FF, 0x4C5D, 0x441B, 0x43FA, 0x43DA, 0x3BBA, 0x3BB9, 0x3B98, 0x3B78, 0x3B78, 0x3B57, 0x3B37, 0x53F9, 0xCEDE, 0x9D9C,
    0xCEDE, 0xFFFF, 0x6392, 0x092A, 0x092A, 0x114A, 0x00C8, 0x7C54, 0xFFFF, 0xFFDF, 0xF75C, 0xF75C, 0xF75C, 0xF75C, 0xF75C, 0xF75C,
    0xF77C, 0xF75C, 0xEEFA, 0xEF1B, 0xEF1B, 0xEF1B, 0xEF3B, 0xF75C, 0xF75C, 0xF79D, 0xF7BD, 0xFFFF, 0xFFFF, 0x52EF, 0x08E8, 0x0929,
    0x0909, 0x0909, 0x00E9, 0x00E9, 0x010A, 0x012B, 0x014C, 0x096E, 0x098F, 0x09B0, 0x09D1, 0x1213, 0x0A36, 0x8D9D, 0xBF7F, 0x8E9F,
    0x867F, 0x761F, 0x6DDF, 0x657F, 0x5D3E, 0x551E, 0x54DE, 0x54DE, 0x5CFF, 0x5CFF, 0x5D1F, 0x85DF, 0x9E1D, 0x63B3, 0x092B, 0x012B,
    0x116C, 0x116C, 0x118D, 0x118D, 0x11AE, 0x2273, 0x220F, 0x0000, 0x0000, 0x0000, 0x0000, 0x0000, 0x0000, 0x0000, 0x0000, 0x0000,
    0x0000, 0x0000, 0x0000, 0x0000, 0x0000, 0x0000, 0x0000, 0x0000, 0x0000, 0x1128, 0x3316, 0x1A10, 0x19EF, 0x19EF, 0x19AE, 0x11AD,
    0x11AD, 0x19AD, 0x118C, 0x092B, 0x19AC, 0x4B92, 0x53B3, 0x2A4E, 0x092A, 0x090A, 0x094B, 0x094B, 0x00CA, 0x19AC, 0x5C57, 0x6DBF,
    0x551F, 0x4C7D, 0x4C3B, 0x441B, 0x43DA, 0x3BBA, 0x3BB9, 0x3B99, 0x3B78, 0x3B58, 0x3B78, 0x4377, 0x4357, 0x3B78, 0x7CDA, 0xFFFF,
    0xEF7F, 0xFFFF, 0xE73D, 0x6BB2, 0x21CB, 0x00C8, 0x52EF, 0xFFFF, 0xFFFF, 0xF79D, 0xF75C, 0xF75C, 0xF75C, 0xF75C, 0xF75C, 0xF75C,
    0xF79D, 0xEF3B, 0xEEFA, 0xEF1B, 0xEF1B, 0xEF1B, 0xEF3B, 0xF73C, 0xF75C, 0xF77D, 0xF79D, 0xFFBE, 0xFFFF, 0xBDF9, 0x0908, 0x31EB,
    0x114A, 0x0909, 0x0909, 0x0109, 0x010A, 0x010A, 0x014C, 0x014D, 0x096E, 0x098F, 0x09D0, 0x11F2, 0x0A15, 0x8D7C, 0xBF7F, 0x8E9F,
    0x7E5F, 0x75FF, 0x6DBF, 0x5D7F, 0x551F, 0x54DE, 0x4C9E, 0x447D, 0x4C7D, 0x4C7D, 0x549E, 0x549F, 0x651F, 0x961F, 0x9D79, 0x2A2E,
    0x00EB, 0x116C, 0x116C, 0x118D, 0x118E, 0x19CF, 0x32D5, 0x08A5, 0x0000, 0x0000, 0x0000, 0x0000, 0x0000, 0x0000, 0x0000, 0x0000,
    0x0000, 0x0000, 0x0000, 0x0000, 0x0000, 0x0000, 0x0000, 0x0000, 0x0000, 0x2A92, 0x2273, 0x19EF, 0x19EF, 0x19CE, 0x118D, 0x118D,
    0x118C, 0x116C, 0x092B, 0x32AF, 0x5C14, 0x328F, 0x092B, 0x092A, 0x094B, 0x094B, 0x012A, 0x00EA, 0x4311, 0x7DDD, 0x6DBF, 0x4CDE,
    0x4C9D, 0x4C7C, 0x443B, 0x43FA, 0x3BDA, 0x3BB9, 0x3B98, 0x3B98, 0x3B78, 0x3B57, 0x3B37, 0x7499, 0xBE7D, 0x7CFB, 0x6C7A, 0xE75E,
    0xFFFF, 0xFFDF, 0xFFFF, 0xE71D, 0x8494, 0x218B, 0xE73D, 0xFFFF, 0xFFBE, 0xF75C, 0xF75C, 0xF73C, 0xF75C, 0xF75C, 0xF75C, 0xF77C,
    0xF79D, 0xEF1B, 0xEEFA, 0xEF1B, 0xEF1B, 0xEF1B, 0xEF3B, 0xEF3C, 0xF75C, 0xF77C, 0xF79D, 0xF7BE, 0xFFFF, 0xFFDF, 0x322D, 0x6BB2,
    0x73F2, 0x00A7, 0x0909, 0x0909, 0x0109, 0x010A, 0x012B, 0x014C, 0x096E, 0x098F, 0x09B0, 0x09D1, 0x01D4, 0x853C, 0xBF7F, 0x8E7F,
    0x7E3F, 0x75FF, 0x659F, 0x5D3F, 0x54FE, 0x4CBE, 0x447D, 0x443C, 0x443C, 0x441C, 0x441C, 0x4C1C, 0x547E, 0x5CBF, 0x859F, 0xB65E,
    0x5331, 0x00EA, 0x094C, 0x116C, 0x118D, 0x11AE, 0x2252, 0x2A30, 0x0000, 0x0000, 0x0000, 0x0000, 0x0000, 0x0000, 0x0000, 0x0000,
    0x0000, 0x0000, 0x0000, 0x0000, 0x0000, 0x0000, 0x0000, 0x0000, 0x10C6, 0x2AD5, 0x19EF, 0x19EF, 0x19CE, 0x11AD, 0x118C, 0x116C,
    0x116B, 0x092A, 0x4B92, 0x53D3, 0x096C, 0x092B, 0x094B, 0x094B, 0x094B, 0x00EA, 0x096D, 0x6CB7, 0x8E9F, 0x65BF, 0x54FE, 0x4C9D,
    0x4C7C, 0x4C5C, 0x443B, 0x43FA, 0x3BB9, 0x3B99, 0x3B78, 0x3B78, 0x3317, 0x32F7, 0x3317, 0x4358, 0xA5DC, 0xFFFF, 0xDF1E, 0xDF3E,
    0xFFFF, 0xFFDF, 0xFFDF, 0xFFFF, 0xEF9E, 0xCE7A, 0xFFFF, 0xFFBE, 0xF75C, 0xF73B, 0xF73C, 0xF73B, 0xF73C, 0xF73C, 0xF75C, 0xF77C,
    0xF77D, 0xEEFA, 0xEEFA, 0xEEFB, 0xEF1B, 0xEF1B, 0xEF1B, 0xEF3B, 0xF75C, 0xF77D, 0xF77D, 0xF79D, 0xFFDF, 0xFFFF, 0x7C34, 0x6BB2,
    0xF79E, 0x21AB, 0x00E8, 0x0909, 0x0909, 0x0909, 0x00C9, 0x012C, 0x016D, 0x096E, 0x098F, 0x09B0, 0x01B3, 0x7CFB, 0xBF5F, 0x8E7F,
    0x7E3F, 0x75DF, 0x657F, 0x5D1F, 0x54BE, 0x4C9D, 0x445C, 0x441C, 0x43FC, 0x43FB, 0x43FB, 0x43DB, 0x43FC, 0x545D, 0x5C9F, 0x751F,
    0xB67F, 0x6BF4, 0x010B, 0x096C, 0x116C, 0x118D, 0x11AE, 0x2AB4, 0x0883, 0x0000, 0x0000, 0x0000, 0x0000, 0x0000, 0x0000, 0x0000,
    0x0000, 0x0000, 0x0000, 0x0000, 0x0000, 0x0000, 0x0000, 0x0000, 0x21ED, 0x2293, 0x19CE, 0x19CE, 0x11AD, 0x11AD, 0x116C, 0x116B,
    0x00EA, 0x4B92, 0x53B3, 0x012B, 0x092B, 0x094B, 0x094B, 0x094B, 0x00EB, 0x2A50, 0x8DFC, 0x8EBF, 0x659F, 0x5D5F, 0x5CFE, 0x549D,
    0x4C7C, 0x4C3B, 0x441B, 0x43FA, 0x3BB9, 0x3B98, 0x3358, 0x851B, 0xC67D, 0xA5DB, 0xA5BB, 0xA5BB, 0xA5DC, 0xE75E, 0xFFFF, 0xFFDF,
    0xFFDE, 0xFFDE, 0xFFDF, 0xFFDF, 0xFFFF, 0xFFFF, 0xFFDE, 0xF77D, 0xEF3B, 0xEF3B, 0xF73B, 0xF73B, 0xF73B, 0xEF3C, 0xF75C, 0xF77C,
    0xF75C, 0xEEFA, 0xEEFB, 0xEF1B, 0xEF1B, 0xEF1B, 0xEF1B, 0xEF3B, 0xEF3C, 0xF79E, 0xF79D, 0xF79D, 0xFFDE, 0xFFFF, 0xB5D9, 0x9D37,
    0xFFFF, 0x8474, 0x00C8, 0x092A, 0x00C8, 0x6BD2, 0x3A6E, 0x010B, 0x094D, 0x096E, 0x096F, 0x098F, 0x01B2, 0x74DB, 0xC75F, 0x8E5F,
    0x861F, 0x75BF, 0x655F, 0x5CFE, 0x54BE, 0x4C7D, 0x445C, 0x441C, 0x43FB, 0x43FB, 0x43DB, 0x43DB, 0x43DB, 0x4BFC, 0x5C1D, 0x647E,
    0x7D1F, 0xC6BF, 0x6C15, 0x010A, 0x096C, 0x116C, 0x118D, 0x2273, 0x196A, 0x0000, 0x0000, 0x0000, 0x0000, 0x0000, 0x0000, 0x0000,
    0x0000, 0x0000, 0x0000, 0x0000, 0x0000, 0x0000, 0x0000, 0x0021, 0x2A93, 0x1A10, 0x19AE, 0x11AD, 0x118D, 0x118C, 0x116C, 0x010A,
    0x3AF0, 0x5C14, 0x010A, 0x094B, 0x094B, 0x094B, 0x094C, 0x012D, 0x4B95, 0xA6BF, 0x7E7F, 0x6DBF, 0x659F, 0x5D3F, 0x5CFE, 0x549D,
    0x4C7C, 0x4C3B, 0x441A, 0x43FA, 0x3BB9, 0x3B98, 0x3B78, 0x4BD9, 0xD71E, 0xFFFF, 0xFFFF, 0xFFFF, 0xFFFF, 0xFFDF, 0xFFDE, 0xFFDE,
    0xFFBE, 0xFFBE, 0xFFDE, 0xFFDE, 0xFFDE, 0xFFDE, 0xF79D, 0xF73C, 0xEF3B, 0xEF3B, 0xEF3B, 0xF73B, 0xEF3B, 0xEF3C, 0xF73C, 0xF77C,
    0xEF3B, 0xEEFB, 0xEEFB, 0xEF1B, 0xEF1B, 0xEF1B, 0xEF1B, 0xEF3B, 0xEF3C, 0xF79E, 0xFFDE, 0xF79D, 0xFFBE, 0xFFFF, 0xEF5E, 0xE75E,
    0xFFFF, 0xE71D, 0x21AB, 0x0908, 0x00C7, 0x94F5, 0xDF1D, 0x092B, 0x094D, 0x098F, 0x098F, 0x098F, 0x01B2, 0x74BA, 0xC73F, 0x8E5F,
    0x861F, 0x75BF, 0x6D5F, 0x5CFE, 0x549D, 0x4C5C, 0x443C, 0x441B, 0x43DB, 0x43DB, 0x43DA, 0x43BA, 0x4BDB, 0x4BDB, 0x53FC, 0x5C3D,
    0x74DF, 0x853F, 0xCEDF, 0x5B73, 0x00EA, 0x116C, 0x118D, 0x19F0, 0x2A30, 0x0000, 0x0000, 0x0000, 0x0000, 0x0000, 0x0000, 0x0000,
    0x0000, 0x0000, 0x0000, 0x0000, 0x0000, 0x0000, 0x0000, 0x08C5, 0x2AB4, 0x19CE, 0x11AD, 0x11AD, 0x118C, 0x116B, 0x114B, 0x094B,
    0x6CB6, 0x19CD, 0x092B, 0x094B, 0x094C, 0x094C, 0x016E, 0x6C78, 0xB75F, 0x7E5F, 0x6DDF, 0x6DBF, 0x657F, 0x5D3E, 0x5CFE, 0x54BD,
    0x4C7C, 0x4C3B, 0x443B, 0x443B, 0x43DA, 0x3B78, 0x4BF9, 0x6CBB, 0xAE1D, 0xF7BE, 0xFFDE, 0xFFBE, 0xFFBE, 0xFFDE, 0xFFDE, 0xFFDE,
    0xFFDE, 0xFFBE, 0xFFBE, 0xFFBE, 0xFFBE, 0xFFBE, 0xF77D, 0xF77C, 0xEF3B, 0xEF1B, 0xEF1B, 0xEF3B, 0xEF3B, 0xEF3B, 0xEF3B, 0xF77C,
    0xEF3B, 0xEF1B, 0xEF1B, 0xEEFA, 0xEF3C, 0xEF3C, 0xEF1B, 0xEF3C, 0xEF5C, 0xF79D, 0xFFDF, 0xFFDE, 0xF7BE, 0xFFDF, 0xFFFF, 0xFFFF,
    0xFFFF, 0xFFFF, 0x428E, 0x0908, 0x5B50, 0xAD98, 0xFFFF, 0x6BB1, 0x0088, 0x014C, 0x11AF, 0x11B0, 0x01B2, 0x6C9A, 0xC73F, 0x963F,
    0x85FF, 0x75BF, 0x6D3F, 0x5CDE, 0x547D, 0x4C3C, 0x441B, 0x43FB, 0x43BA, 0x43BA, 0x43BA, 0x43BA, 0x43BA, 0x4BDB, 0x53FB, 0x5C1C,
    0x6C7E, 0x7CFF, 0x9DBF, 0xCEDE, 0x220E, 0x092B, 0x116C, 0x118E, 0x2A72, 0x0862, 0x0000, 0x0000, 0x0000, 0x0000, 0x0000, 0x0000,
    0x0000, 0x0000, 0x0000, 0x0000, 0x0000, 0x0000, 0x0000, 0x1949, 0x2A93, 0x11AE, 0x118D, 0x118C, 0x116C, 0x114B, 0x090A, 0x326E,
    0x5C14, 0x010A, 0x094B, 0x094C, 0x094C, 0x014F, 0x74D9, 0xBF9F, 0x867F, 0x7DFF, 0x75DF, 0x659F, 0x5D5F, 0x5D1E, 0x5CFE, 0x5CFE,
    0x54DE, 0x4C7C, 0x43F9, 0x3377, 0x2294, 0x53B6, 0x9D7A, 0xC67D, 0xEF7E, 0xF79E, 0xF7BE, 0xF7BE, 0xF7BE, 0xF7BE, 0xF7BE, 0xF7BE,
    0xFFBE, 0xFFBE, 0xFFBE, 0xFFBE, 0xF7BE, 0xF7BE, 0xF79D, 0xF75C, 0xEF1B, 0xEF1B, 0xEF1B, 0xEF1B, 0xEF1B, 0xEF3B, 0xEF3B, 0xF77C,
    0xEF3B, 0xEF3B, 0xF77D, 0xEF3C, 0xEF1B, 0xF77D, 0xF79D, 0xF77D, 0xF75C, 0xF79E, 0xFFDF, 0xFFDF, 0xFFDE, 0xFFDF, 0xFFDF, 0xFFFF,
    0xFFFF, 0xFFFF, 0x8CB5, 0x3A4D, 0xBDF9, 0xEF5E, 0xFFFF, 0xDF1D, 0x08E8, 0x00A7, 0x00E9, 0x010A, 0x014F, 0x6C59, 0xC71F, 0x963F,
    0x85FF, 0x7D9F, 0x6D1F, 0x5CBE, 0x545C, 0x4C3C, 0x43FB, 0x43DA, 0x43BA, 0x3BBA, 0x3B9A, 0x439A, 0x439A, 0x4B9B, 0x4BBB, 0x53DC,
    0x641D, 0x74BE, 0x851F, 0xCEDF, 0x8CD6, 0x00CA, 0x114B, 0x116C, 0x2232, 0x10E7, 0x0000, 0x0000, 0x0000, 0x0000, 0x0000, 0x0000,
    0x0000, 0x0000, 0x0000, 0x0000, 0x0000, 0x0000, 0x0000, 0x21CD, 0x2252, 0x11AD, 0x118C, 0x116C, 0x114B, 0x094B, 0x00E9, 0x3ACF,
    0x4B92, 0x010B, 0x094C, 0x096D, 0x016F, 0x74B9, 0xCFDF, 0x96DF, 0x865F, 0x7E1F, 0x6DBF, 0x657F, 0x5D7F, 0x657F, 0x54FD, 0x4C3A,
    0x2B14, 0x1A0F, 0x096D, 0x012C, 0x19EF, 0x6C17, 0x955A, 0xBE5D, 0xDEFE, 0xEF5E, 0xF79E, 0xF79E, 0xF79E, 0xF79E, 0xF79E, 0xF79E,
    0xF79E, 0xF7BE, 0xFFBE, 0xFFDE, 0xFFBE, 0xFFBE, 0xF79D, 0xEEFB, 0xEF1B, 0xEF1B, 0xEF1B, 0xEF1B, 0xEF3B, 0xEF3B, 0xEF1B, 0xF75C,
    0xEF1B, 0xEF1B, 0xEF5C, 0xFFBE, 0xF79D, 0xF77C, 0xFFBE, 0xFFDE, 0xF79D, 0xF7BE, 0xFFDE, 0xFFDF, 0xFFDF, 0xFFDF, 0xFFDF, 0xFFFF,
    0xFFDF, 0xFFFF, 0xDF1D, 0x9D38, 0xF79E, 0xFFFF, 0xFFFF, 0xFFFF, 0x5B2F, 0x0047, 0x00E9, 0x00E9, 0x00CA, 0x53B6, 0xCF3F, 0x9E3F,
    0x8DFF, 0x7D9F, 0x6D1F, 0x5CBE, 0x547D, 0x4C3C, 0x43FB, 0x43BA, 0x3B9A, 0x3B79, 0x3B79, 0x437A, 0x439A, 0x4B9A, 0x4B9B, 0x53DB,
    0x5BFC, 0x6C5E, 0x851F, 0xADFF, 0xC67C, 0x116B, 0x092B, 0x094C, 0x19F0, 0x198B, 0x0000, 0x0000, 0x0000, 0x0000, 0x0000, 0x0000,
    0x0000, 0x0000, 0x0000, 0x0000, 0x0000, 0x0000, 0x0000, 0x220F, 0x1A10, 0x118D, 0x116C, 0x114B, 0x094B, 0x092A, 0x00EA, 0x2A6E,
    0x4BD4, 0x010B, 0x096C, 0x016E, 0x6438, 0xD7FF, 0xA71F, 0x96BF, 0x867F, 0x7E1F, 0x763F, 0x6DFF, 0x54BB, 0x3334, 0x11EE, 0x012B,
    0x00C9, 0x00A9, 0x322E, 0x84B6, 0xD6BC, 0xF79E, 0xFFBE, 0xF79E, 0xEF7E, 0xEF5D, 0xEF5D, 0xEF7D, 0xF77D, 0xF77D, 0xF79D, 0xF79D,
    0xF79D, 0xF79E, 0xF7BE, 0xFFBE, 0xF7BE, 0xFFDE, 0xEF3C, 0xEEFB, 0xEF1B, 0xEF1B, 0xEF1B, 0xEF3B, 0xEF3B, 0xEF3B, 0xEF1B, 0xF77C,
    0xEF3C, 0xEF1B, 0xEF3C, 0xF79D, 0xFFBE, 0xFFBE, 0xFFBE, 0xFFDE, 0xFFDE, 0xFFDE, 0xFFDE, 0xFFDE, 0xFFDF, 0xFFDF, 0xFFDF, 0xFFDF,
    0xFFDF, 0xFFDF, 0xFFFF, 0xEF7E, 0xFFFF, 0xFFFF, 0xFFFF, 0xFFFF, 0xAD98, 0x0088, 0x00E8, 0x00E9, 0x00CA, 0x5395, 0xD73F, 0x9E1F,
    0x8DFF, 0x85BF, 0x753F, 0x64BE, 0x547D, 0x4C3C, 0x43FB, 0x43DA, 0x3B9A, 0x3B79, 0x4379, 0x437A, 0x437A, 0x437A, 0x4B9B, 0x53BB,
    0x5BFC, 0x6C3D, 0x84FF, 0xA5BF, 0xD6FF, 0x324E, 0x010A, 0x094B, 0x11CF, 0x19CD, 0x0000, 0x0000, 0x0000, 0x0000, 0x0000, 0x0000,
    0x0000, 0x0000, 0x0000, 0x0000, 0x0000, 0x0000, 0x0000, 0x2251, 0x11CF, 0x118C, 0x116C, 0x114B, 0x092A, 0x092A, 0x092A, 0x094B,
    0x5C57, 0x11AD, 0x012C, 0x3B15, 0xDFBF, 0xBF9F, 0xA6FF, 0x96BF, 0x96DF, 0x8E7F, 0x5CDA, 0x22B2, 0x014C, 0x010A, 0x092B, 0x00EA,
    0x118C, 0x8475, 0xE73E, 0xFFDF, 0xF79E, 0xEF7E, 0xEF7E, 0xEF5E, 0xEF5D, 0xEF7D, 0xEF7D, 0xEF7D, 0xEF5D, 0xEF5D, 0xF77D, 0xF77D,
    0xF79D, 0xF79D, 0xF79D, 0xFFBE, 0xFFBE, 0xF79D, 0xEF1B, 0xEF1B, 0xEF1B, 0xEF3B, 0xEF1B, 0xEF3B, 0xEF3B, 0xEF1B, 0xEF1B, 0xF75C,
    0xF75C, 0xEEFA, 0xEF3C, 0xF7BD, 0xF7BE, 0xFFBE, 0xFFBE, 0xFFDE, 0xFFBE, 0xFFDE, 0xFFDE, 0xFFDE, 0xFFDE, 0xFFDF, 0xFFDF, 0xFFDF,
    0xFFDF, 0xFFDF, 0xFFFF, 0xFFFF, 0xFFFF, 0xFFFF, 0xFFFF, 0xFFFF, 0xD6DC, 0x21CC, 0x00C8, 0x00E9, 0x00A9, 0x4B54, 0xD73F, 0x9E1F,
    0x95FF, 0x85BF, 0x7D5F, 0x6D1F, 0x5CBE, 0x543D, 0x4BFB, 0x43DB, 0x43BA, 0x437A, 0x437A, 0x437A, 0x437A, 0x437A, 0x4B9A, 0x53BB,
    0x5BFB, 0x6C3D, 0x84DE, 0x9D9F, 0xD6FF, 0x42AF, 0x00EA, 0x094B, 0x11AE, 0x21EF, 0x0000, 0x0000, 0x0000, 0x0000, 0x0000, 0x0000,
    0x0000, 0x0000, 0x0000, 0x0000, 0x0000, 0x0000, 0x0041, 0x2252, 0x11AE, 0x116C, 0x116C, 0x094B, 0x092A, 0x092A, 0x092B, 0x00EA,
    0x2270, 0x3356, 0x09F2, 0xBE9D, 0xD7FF, 0xB75F, 0xAF7F, 0xA71F, 0x6D1A, 0x22B3, 0x014E, 0x010C, 0x094C, 0x094C, 0x010A, 0x3A6F,
    0xBE3B, 0xF7DF, 0xE75E, 0xE73E, 0xEF7E, 0xEF7E, 0xF79E, 0xF79E, 0xF79E, 0xF79E, 0xF79E, 0xF7BE, 0xF77D, 0xEF5D, 0xEF5C, 0xF77D,
    0xF77D, 0xF79D, 0xF79D, 0xF79D, 0xFFBE, 0xF77D, 0xEF1B, 0xEF1B, 0xEF1B, 0xEF1B, 0xEF3B, 0xEF1B, 0xEF1B, 0xEF3B, 0xEF1B, 0xEF3B,
    0xFFBD, 0xEF3B, 0xEF3B, 0xF7BD, 0xFFBE, 0xFFBE, 0xFFBE, 0xFFDE, 0xFFBE, 0xFFBE, 0xFFDE, 0xFFDE, 0xFFDE, 0xFFDE, 0xFFDE, 0xFFDF,
    0xFFDF, 0xFFDF, 0xFFDF, 0xFFFF, 0xFFFF, 0xFFFF, 0xFFFF, 0xFFFF, 0xF79E, 0xAD98, 0x0909, 0x00C8, 0x00C9, 0x1A0F, 0xD6FF, 0xAE3F,
    0x9DFF, 0x8DDF, 0x7D7F, 0x753F, 0x6CFF, 0x64BE, 0x545D, 0x4BFB, 0x43BA, 0x439A, 0x437A, 0x437A, 0x437A, 0x437A, 0x4B7A, 0x539B,
    0x5BFB, 0x6C3D, 0x7CDE, 0x957F, 0xD6FF, 0x4AF0, 0x00EA, 0x094C, 0x118D, 0x2210, 0x0000, 0x0000, 0x0000, 0x0000, 0x0000, 0x0000,
    0x0000, 0x0000, 0x0000, 0x0000, 0x0000, 0x0000, 0x0863, 0x2252, 0x118D, 0x116C, 0x114B, 0x092B, 0x092A, 0x092B, 0x092B, 0x092B,
    0x010B, 0x1274, 0x855D, 0xEFFF, 0xBFBF, 0xC7DF, 0x8DFC, 0x2AD5, 0x014F, 0x014E, 0x016E, 0x096D, 0x096C, 0x094C, 0x3A90, 0x9D7B,
    0xDF1E, 0xEF7E, 0xEF7E, 0xEF7E, 0xEF7E, 0xEF7E, 0xEF7E, 0xEF7E, 0xEF7D, 0xF77E, 0xF79E, 0xF79E, 0xF7BE, 0xF7BE, 0xF79D, 0xF75D,
    0xEF5C, 0xF77D, 0xF77D, 0xF79D, 0xF7BE, 0xF77D, 0xEF1B, 0xEF1B, 0xEF1B, 0xEF1B, 0xEF1B, 0xEF1B, 0xEF1B, 0xF75C, 0xF77D, 0xF75C,
    0xF77D, 0xFFBE, 0xF79D, 0xFFBD, 0xFFBE, 0xFFBE, 0xFFBE, 0xFFBE, 0xFFDE, 0xFFBE, 0xFFDE, 0xFFDE, 0xFFDE, 0xFFDE, 0xFFDE, 0xFFDE,
    0xFFDF, 0xFFDF, 0xFFDF, 0xFFDF, 0xFFFF, 0xFFFF, 0xFFFF, 0xFFDF, 0xFFFF, 0xFFDF, 0x2A0C, 0x00A8, 0x00E9, 0x00CA, 0x7457, 0xE79F,
    0xA63F, 0x8DBF, 0x857F, 0x7D3F, 0x74FF, 0x6CBF, 0x6CBF, 0x647E, 0x4BFC, 0x439B, 0x437A, 0x437A, 0x437A, 0x4B7A, 0x4B7A, 0x53BB,
    0x5BDB, 0x6C3D, 0x7CBE, 0x955F, 0xD6DF, 0x5B52, 0x00EA, 0x094C, 0x116D, 0x2230, 0x0021, 0x0000, 0x0000, 0x0000, 0x0000, 0x0000,
    0x0000, 0x0000, 0x0000, 0x0000, 0x0000, 0x0000, 0x0883, 0x2272, 0x116D, 0x114C, 0x094B, 0x092B, 0x092B, 0x092B, 0x092B, 0x010A,
    0x012B, 0x2295, 0xCEFF, 0xEFFF, 0xD7BF, 0x647A, 0x01B2, 0x016F, 0x018E, 0x096E, 0x096D, 0x096D, 0x012C, 0x094C, 0x8CD8, 0xDF1E,
    0xEF7E, 0xEF5E, 0xEF5E, 0xEF7E, 0xEF7E, 0xEF7E, 0xEF7E, 0xEF9E, 0xEF7D, 0xF77D, 0xF77D, 0xF77D, 0xF79D, 0xF79D, 0xF79E, 0xF7BE,
    0xF77D, 0xEF3C, 0xF75C, 0xF77D, 0xF79D, 0xF79D, 0xEF1B, 0xEF1B, 0xEF3B, 0xF73C, 0xEF3B, 0xEF1B, 0xEF1B, 0xEF3B, 0xF77D, 0xFFBE,
    0xFFBE, 0xFFBE, 0xFFDE, 0xFFBE, 0xFFBE, 0xFFBE, 0xFFBE, 0xF7BE, 0xFFBE, 0xFFBE, 0xFFDE, 0xFFBE, 0xFFDE, 0xFFDE, 0xFFDE, 0xFFDE,
    0xFFDE, 0xFFDF, 0xFFDF, 0xFFDF, 0xFFDF, 0xFFDF, 0xFFDF, 0xFFDF, 0xFFFF, 0xFFFF, 0x6BD2, 0x5331, 0x00E9, 0x00E9, 0x010C, 0x7457,
    0xBEBF, 0xA65F, 0x8D9F, 0x7D5F, 0x751F, 0x74DF, 0x6CBF, 0x74BF, 0x74DF, 0x6C7E, 0x4BDC, 0x437B, 0x437A, 0x4B7A, 0x4B9A, 0x53BA,
    0x5BDB, 0x6C1C, 0x749E, 0x8D1F, 0xCEBF, 0x6BF3, 0x00CA, 0x094C, 0x116D, 0x2251, 0x0042, 0x0000, 0x0000, 0x0000, 0x0000, 0x0000,
    0x0000, 0x0000, 0x0000, 0x0000, 0x0000, 0x0000, 0x0884, 0x2252, 0x116D, 0x114C, 0x094B, 0x092B, 0x092B, 0x092B, 0x010A, 0x118D,
    0x3B18, 0x6C9E, 0xEFDF, 0xDF9F, 0x4BD9, 0x01B3, 0x01B0, 0x098F, 0x096E, 0x096E, 0x096D, 0x012C, 0x118D, 0xAD99, 0xFFDF, 0xEF9E,
    0xE75E, 0xEF5E, 0xEF5E, 0xEF5D, 0xE73D, 0xEF5D, 0xEF5D, 0xEF5D, 0xEF5D, 0xEF7D, 0xEF7D, 0xF77D, 0xF77D, 0xF77D, 0xF77D, 0xF77D,
    0xF79D, 0xF77D, 0xF75C, 0xF75C, 0xF77D, 0xF79D, 0xEF5C, 0xEF1B, 0xEF1B, 0xF75C, 0xF79D, 0xF7BD, 0xF79D, 0xF79D, 0xF79D, 0xFFBE,
    0xFFBE, 0xFFBE, 0xF7BE, 0xF7BE, 0xFFBE, 0xFFBE, 0xFFBE, 0xFFBE, 0xFFBE, 0xFFBE, 0xFFBE, 0xFFBE, 0xFFBE, 0xFFBE, 0xFFDE, 0xFFDE,
    0xFFDE, 0xFFDE, 0xFFDE, 0xFFDF, 0xFFDF, 0xFFDF, 0xFFDF, 0xFFDF, 0xFFDF, 0xFFFF, 0x9D37, 0xCE9B, 0x322D, 0x00A8, 0x010A, 0x00AA,
    0x2230, 0x7CDA, 0xAE7F, 0x9E1F, 0x7D3F, 0x74FF, 0x74DF, 0x74BF, 0x74BF, 0x7CDF, 0x7CDF, 0x645D, 0x437B, 0x435A, 0x4B7A, 0x539B,
    0x5BFB, 0x6C1C, 0x747E, 0x84FF, 0xC67F, 0x7435, 0x00CA, 0x094C, 0x116D, 0x2231, 0x0042, 0x0000, 0x0000, 0x0000, 0x0000, 0x0000,
    0x0000, 0x0000, 0x0000, 0x0000, 0x0000, 0x0000, 0x0884, 0x2252, 0x116D, 0x114C, 0x094B, 0x094B, 0x092B, 0x00E9, 0x2A31, 0x53BB,
    0x3B5B, 0x959D, 0xFFFF, 0x541B, 0x0A15, 0x09F1, 0x09B0, 0x098F, 0x098E, 0x096E, 0x012C, 0x21EE, 0xC65B, 0xFFFF, 0xEF7E, 0xE75E,
    0xE73E, 0xDF1D, 0xDEFD, 0xDEDC, 0xDEFC, 0xDEFC, 0xDEFC, 0xDEFC, 0xE6FC, 0xE6FC, 0xE71C, 0xEF3C, 0xEF5C, 0xEF5C, 0xEF5C, 0xEF5C,
    0xEF3C, 0xF77D, 0xF77D, 0xF75C, 0xF75C, 0xF79D, 0xF79D, 0xEF1B, 0xEF1B, 0xEEFB, 0xEF5C, 0xF7BD, 0xFFDE, 0xFFDE, 0xFFDE, 0xFFBE,
    0xFFBE, 0xFFBE, 0xFFBE, 0xFFBE, 0xFFBE, 0xFFBE, 0xFFBE, 0xFFBE, 0xFFBE, 0xFFBE, 0xFFBE, 0xFFDE, 0xFFBE, 0xFFBE, 0xFFDE, 0xFFDE,
    0xFFDE, 0xFFBE, 0xFFDE, 0xFFDE, 0xFFDE, 0xFFDF, 0xFFDF, 0xFFDF, 0xFFDF, 0xFFFF, 0xDEFC, 0xFFFF, 0x8474, 0x0047, 0x00E9, 0x00E9,
    0x00CA, 0x00EB, 0x2210, 0x6C78, 0x9E1F, 0x95DF, 0x74FF, 0x74BF, 0x74BF, 0x74BF, 0x7CDF, 0x8D3F, 0x84FE, 0x5BBC, 0x433A, 0x53BB,
    0x5BFC, 0x6C1C, 0x747E, 0x851F, 0xBE5F, 0x8497, 0x00CB, 0x094C, 0x096D, 0x2231, 0x0862, 0x0000, 0x0000, 0x0000, 0x0000, 0x0000,
    0x0000, 0x0000, 0x0000, 0x0000, 0x0000, 0x0000, 0x08A4, 0x2232, 0x116D, 0x116C, 0x114C, 0x092B, 0x00EA, 0x42D3, 0x641D, 0x437A,
    0x3319, 0xBE5E, 0xA5FE, 0x1A77, 0x1A53, 0x11D1, 0x09AF, 0x098F, 0x098E, 0x094D, 0x19CE, 0xC67C, 0xFFFF, 0xE75E, 0xE71E, 0xDEFD,
    0xDEFD, 0xDEDD, 0xDEDC, 0xDEDC, 0xDEDC, 0xDEDC, 0xDEDC, 0xDEFC, 0xDEFC, 0xE6FC, 0xE6FC, 0xE71C, 0xE71B, 0xEF1C, 0xEF1C, 0xEF3C,
    0xEF3C, 0xEF3C, 0xF75C, 0xF75C, 0xF75C, 0xF75C, 0xF79D, 0xF77C, 0xEEFB, 0xEF1B, 0xEF1B, 0xEF1B, 0xF75C, 0xF79D, 0xFFBE, 0xFFBE,
    0xFFBE, 0xFFBE, 0xFFBE, 0xFFBE, 0xFFBE, 0xFFBE, 0xFFDE, 0xFFDE, 0xFFBE, 0xFFBE, 0xFFBE, 0xFFBE, 0xFFBE, 0xFFBE, 0xFFBE, 0xFFBE,
    0xFFBE, 0xFFBE, 0xFFBE, 0xFFBE, 0xFFBE, 0xFFDE, 0xFFDF, 0xFFDF, 0xFFDF, 0xFFDF, 0xFFFF, 0xFFFF, 0xBDF9, 0x114A, 0x00E9, 0x00E9,
    0x00E9, 0x00EA, 0x00CA, 0x00CB, 0x2231, 0x7499, 0x9E1F, 0x855F, 0x74BF, 0x74BF, 0x7CDF, 0x7CDF, 0x8CFF, 0x9D7F, 0x84BD, 0x539B,
    0x5BBC, 0x6C1D, 0x747E, 0x8D1F, 0xC67F, 0x8CF8, 0x00EC, 0x094C, 0x096D, 0x2231, 0x0863, 0x0000, 0x0000, 0x0000, 0x0000, 0x0000,
    0x0000, 0x0000, 0x0000, 0x0000, 0x0000, 0x0000, 0x08A4, 0x2232, 0x116D, 0x116C, 0x094C, 0x010A, 0x63B5, 0x7C9E, 0x4B9A, 0x4B79,
    0x3B3B, 0x9DBD, 0x53FB, 0x2296, 0x2253, 0x11D0, 0x11AF, 0x118F, 0x096E, 0x094E, 0xB61B, 0xFFFF, 0xCEBE, 0xCEBD, 0xDF1E, 0xDF1D,
    0xDEFD, 0xDEFD, 0xDEDC, 0xDEBC, 0xDEBC, 0xDEBC, 0xDEDC, 0xDEDB, 0xDEDC, 0xE6FC, 0xE6FC, 0xE6FB, 0xE6FB, 0xE6FB, 0xE6FB, 0xE6FB,
    0xEF1C, 0xEF3C, 0xEF3C, 0xEF5C, 0xEF3C, 0xEF5C, 0xF75C, 0xF79D, 0xF79D, 0xF75C, 0xF75C, 0xF75C, 0xF75C, 0xF77D, 0xFFBD, 0xFFBE,
    0xFFBE, 0xFFBE, 0xFFBE, 0xFFBE, 0xFFBE, 0xFFBE, 0xFFDE, 0xFFDE, 0xFFBE, 0xFFBE, 0xFFBE, 0xFFBE, 0xFFBE, 0xFFBE, 0xFFBE, 0xF7BE,
    0xFFBE, 0xFFBE, 0xFFBE, 0xFFBE, 0xFFBE, 0xFFBE, 0xFFDE, 0xFFDF, 0xFFDF, 0xFFDF, 0xFFDF, 0xFFFF, 0xDEFC, 0x94F6, 0x21CB, 0x00A8,
    0x00E9, 0x00E9, 0x010A, 0x010A, 0x00EB, 0x00EC, 0x2A72, 0x7D1B, 0x9E1F, 0x84FF, 0x7CBF, 0x7CDF, 0x84FF, 0x953F, 0xADBF, 0x951E,
    0x641C, 0x63FD, 0x7C9E, 0x955F, 0xC67F, 0x9D5A, 0x010D, 0x096D, 0x096D, 0x2231, 0x0863, 0x0000, 0x0000, 0x0000, 0x0000, 0x0000,
    0x0000, 0x0000, 0x0000, 0x0000, 0x0000, 0x0000, 0x08A4, 0x2252, 0x116D, 0x116D, 0x00EB, 0x6C14, 0x9D9F, 0x53BC, 0x4B7A, 0x53BC,
    0x2296, 0x7CFA, 0x439A, 0x2A95, 0x2253, 0x11F1, 0x11AF, 0x118F, 0x010D, 0x8CD8, 0xF7DF, 0x84DA, 0xADDC, 0xE73E, 0xDF1E, 0xD6DD,
    0xD6BC, 0xCE9C, 0xD69B, 0xD69B, 0xD69B, 0xD6BB, 0xDEBB, 0xDEDB, 0xDEDB, 0xDEDB, 0xE6FB, 0xE6FB, 0xE6FB, 0xE6FB, 0xE6FB, 0xE6FB,
    0xE6FB, 0xEF1B, 0xEF3C, 0xEF3C, 0xEF3C, 0xEF3C, 0xEF3C, 0xF75C, 0xF79D, 0xFFBE, 0xFFBE, 0xFFBE, 0xFFDE, 0xFFDE, 0xFFBE, 0xF7BE,
    0xFFBE, 0xFFBE, 0xFFBE, 0xFFBE, 0xFFBE, 0xFFBE, 0xFFBE, 0xFFBE, 0xFFBE, 0xFFBE, 0xFFBE, 0xFFBE, 0xFFBE, 0xF7BE, 0xF7BD, 0xF79E,
    0xFFBE, 0xFFBE, 0xFFBE, 0xFFBE, 0xF7BE, 0xF7BE, 0xFFBE, 0xFFDE, 0xFFDF, 0xFFDF, 0xFFDF, 0xFFFF, 0xF79E, 0xF79E, 0x4ACF, 0x29EC,
    0x00E9, 0x00E9, 0x00E9, 0x010A, 0x010A, 0x010B, 0x00CB, 0x010D, 0x4B75, 0x9DFE, 0x9DBF, 0x84FF, 0x8D1F, 0x951F, 0x953F, 0xAD9F,
    0xB5DF, 0x84DE, 0x7CBF, 0x9D7F, 0xC67F, 0xA59B, 0x014F, 0x096E, 0x096E, 0x2231, 0x0863, 0x0000, 0x0000, 0x0000, 0x0000, 0x0000,
    0x0000, 0x0000, 0x0000, 0x0000, 0x0000, 0x0000, 0x08A5, 0x2252, 0x118D, 0x010C, 0x4B31, 0xC67F, 0x643E, 0x539A, 0x5BDC, 0x2A94,
    0x010C, 0x7CFA, 0x53DB, 0x2A94, 0x2232, 0x19F1, 0x11D0, 0x096E, 0x3AD1, 0xB61C, 0x42F5, 0x9D5A, 0xEF9F, 0xDEFE, 0xD6BD, 0xCE9C,
    0xCE9C, 0xCE9C, 0xCE9B, 0xD69B, 0xD69B, 0xD6BB, 0xDEBB, 0xDEDB, 0xDEDB, 0xDEDB, 0xDEDB, 0xDEDB, 0xE6DB, 0xE6FB, 0xE6FB, 0xE6FB,
    0xE6FB, 0xE6FB, 0xEF1B, 0xEF1B, 0xEF1B, 0xEF3B, 0xEF3C, 0xF75C, 0xF79D, 0xFFBE, 0xFFBE, 0xFFBE, 0xFFBE, 0xFFBE, 0xFFBE, 0xFFBE,
    0xFFBE, 0xFFBE, 0xFFBE, 0xFFBE, 0xFFBE, 0xFFBE, 0xFFBE, 0xFFBD, 0xF79D, 0xF79D, 0xF79D, 0xF77D, 0xF77D, 0xF79D, 0xF79D, 0xF7BD,
    0xF79D, 0xF79D, 0xF79E, 0xFFBE, 0xFFBE, 0xF7BE, 0xF7BE, 0xFFBE, 0xFFDE, 0xFFDF, 0xFFDF, 0xFFDF, 0xFFFF, 0xFFFF, 0x6BF4, 0x9D37,
    0x21EC, 0x00C8, 0x00E9, 0x00E9, 0x00EA, 0x010A, 0x010B, 0x010B, 0x00CB, 0x11B0, 0x74B9, 0xAE3F, 0x9D7F, 0x951F, 0x9D5F, 0xA59F,
    0xB5DF, 0xC63F, 0xADBF, 0xA59F, 0xCE7F, 0xADDC, 0x0190, 0x098E, 0x098E, 0x2232, 0x0863, 0x0000, 0x0000, 0x0000, 0x0000, 0x0000,
    0x0000, 0x0000, 0x0000, 0x0000, 0x0000, 0x0000, 0x08A5, 0x2253, 0x098D, 0x19CE, 0xC67D, 0x8D3F, 0x641D, 0x5BDC, 0x32B5, 0x012B,
    0x010C, 0x5BB6, 0x643C, 0x2A75, 0x2233, 0x1A11, 0x19D0, 0x11AF, 0x4B54, 0x19F1, 0x9539, 0xF7DF, 0xD6FE, 0xCEBD, 0xCE9D, 0xCE9C,
    0xCE9C, 0xCE9C, 0xCE7B, 0xCE7B, 0xD6BC, 0xDEBC, 0xD6BB, 0xDEBB, 0xDEBB, 0xE6DB, 0xE6FC, 0xEF3C, 0xEF3C, 0xEF3C, 0xEF1C, 0xEF1B,
    0xEEFB, 0xEEFB, 0xEF1B, 0xEEFB, 0xEF1B, 0xF75C, 0xF79D, 0xFFBE, 0xFFBE, 0xFFBE, 0xFFBE, 0xFFBE, 0xFFBE, 0xFFBE, 0xFFBE, 0xFFBE,
    0xFFBE, 0xFFBE, 0xFFBE, 0xFFBE, 0xFFBE, 0xFFBE, 0xF79D, 0xF77D, 0xF77D, 0xF77C, 0xF77C, 0xF75C, 0xF75C, 0xF75C, 0xF75C, 0xF77D,
    0xF79D, 0xF79D, 0xF79D, 0xF79D, 0xFFBE, 0xFFBE, 0xFFBE, 0xF7BE, 0xFFBE, 0xFFDE, 0xFFDF, 0xFFDF, 0xFFDF, 0xFFFF, 0xADB9, 0xEF9E,
    0x5B71, 0x0088, 0x00E9, 0x00E9, 0x00E9, 0x00EA, 0x00EA, 0x010B, 0x012B, 0x010C, 0x010D, 0x3B15, 0x9DBE, 0xADDF, 0x9D5F, 0xA59F,
    0xB5DF, 0xBDFF, 0xDEBF, 0xCEBF, 0xBE3F, 0xB61D, 0x09D1, 0x098F, 0x098F, 0x2232, 0x0863, 0x0000, 0x0000, 0x0000, 0x0000, 0x0000,
    0x0000, 0x0000, 0x0000, 0x0000, 0x0000, 0x0000, 0x08A5, 0x2273, 0x014E, 0x7C97, 0xDF1F, 0x7CBF, 0x6C7E, 0x4B58, 0x012B, 0x094C,
    0x012C, 0x19EE, 0x6C5B, 0x3296, 0x2A53, 0x2211, 0x19F0, 0x19F0, 0x012F, 0x7C97, 0xFFDF, 0xD6FE, 0xD6BD, 0xCEBD, 0xCE9D, 0xCE9C,
    0xCE9C, 0xCE7C, 0xCE9B, 0xD6BC, 0xD6BC, 0xD69B, 0xD69B, 0xDEBB, 0xE71C, 0xEF3D, 0xEF5D, 0xEF3C, 0xE71C, 0xE6FB, 0xE6FB, 0xEF1B,
    0xEF1B, 0xEF1B, 0xEEFB, 0xEF5C, 0xF79D, 0xFFBE, 0xFFBE, 0xFFBE, 0xFFBE, 0xFFBE, 0xFFBE, 0xFFBE, 0xFFBE, 0xFFBE, 0xFFBE, 0xFFBE,
    0xFFBE, 0xFFBE, 0xFFBE, 0xFFBE, 0xFFBD, 0xF79D, 0xF79D, 0xF77D, 0xF77D, 0xF77C, 0xF77C, 0xF77C, 0xF75C, 0xF75C, 0xF75C, 0xF75C,
    0xF75C, 0xF77D, 0xF77D, 0xF79D, 0xF79D, 0xF79E, 0xF7BE, 0xF7BE, 0xF7BE, 0xFFDE, 0xFFDF, 0xFFDF, 0xFFDF, 0xFFDF, 0xF7BF, 0xFFFF,
    0x8474, 0x0088, 0x00E9, 0x00E9, 0x00E9, 0x00EA, 0x00EA, 0x00EA, 0x010B, 0x012C, 0x014C, 0x010D, 0x1213, 0x853C, 0xBE5F, 0xA59F,
    0xADBF, 0xBE1F, 0xCE5F, 0xE6FF, 0xE71F, 0xC69E, 0x1233, 0x09B0, 0x09AF, 0x2232, 0x0863, 0x0000, 0x0000, 0x0000, 0x0000, 0x0000,
    0x0000, 0x0000, 0x0000, 0x0000, 0x0000, 0x0000, 0x08A5, 0x2273, 0x19D0, 0xD6DD, 0xBE3F, 0x84FF, 0x7C9E, 0x11AE, 0x012B, 0x094C,
    0x094C, 0x010B, 0x3B15, 0x4B59, 0x2232, 0x2212, 0x1A11, 0x098F, 0x5375, 0xF7BF, 0xDF1E, 0xD6DE, 0xCEBD, 0xCEBD, 0xCE9D, 0xCE7C,
    0xCE7C, 0xCE9C, 0xD6BC, 0xD6BC, 0xD69B, 0xD6BC, 0xDEFC, 0xE73D, 0xE73D, 0xE71C, 0xE6FB, 0xE6FB, 0xE6FB, 0xE6FB, 0xE6FB, 0xE6FB,
    0xE6FB, 0xEF1B, 0xF79D, 0xFFBE, 0xFFBE, 0xFFBE, 0xFFBE, 0xFFBE, 0xFFBE, 0xFFBE, 0xFFBE, 0xFFBE, 0xFFBE, 0xFFBE, 0xFFDE, 0xFFBE,
    0xFFBE, 0xFFBE, 0xFF9D, 0xF79D, 0xF77D, 0xF77C, 0xF77C, 0xF77C, 0xF77C, 0xF75C, 0xF77C, 0xF77C, 0xF77C, 0xF75C, 0xEF3C, 0xEF3C,
    0xEF5C, 0xF75C, 0xF77C, 0xF77D, 0xF79D, 0xF79D, 0xF79D, 0xF79E, 0xF7BE, 0xFFBE, 0xFFDE, 0xFFDF, 0xFFDF, 0xFFDF, 0xFFFF, 0xFFFF,
    0xA577, 0x5351, 0x090A, 0x0109, 0x0109, 0x010A, 0x010A, 0x010B, 0x010B, 0x012B, 0x012C, 0x016E, 0x0190, 0x01B3, 0x5C3A, 0xC69F,
    0xBE1F, 0xBE1F, 0xCE7F, 0xD6BF, 0xF79F, 0xDF1F, 0x1A96, 0x09D1, 0x09AF, 0x2252, 0x0863, 0x0000, 0x0000, 0x0000, 0x0000, 0x0000,
    0x0000, 0x0000, 0x0000, 0x0000, 0x0000, 0x0000, 0x08C5, 0x1A32, 0x4313, 0xFFFF, 0xB5DF, 0x953F, 0x4314, 0x010A, 0x092B, 0x012B,
    0x012B, 0x012B, 0x012B, 0x32D6, 0x3AD7, 0x2212, 0x19F2, 0x2A73, 0xD6FE, 0xE75F, 0xD6DE, 0xD6DE, 0xCEBD, 0xCE9D, 0xCE7D, 0xCE7C,
    0xCE9C, 0xD6BC, 0xCE9C, 0xCE9C, 0xD6BC, 0xDEFC, 0xDEFC, 0xDEDC, 0xDEBB, 0xDEBB, 0xDEDB, 0xDEDB, 0xE6DB, 0xE6FB, 0xE6FB, 0xE6FB,
    0xEF1B, 0xF77D, 0xF79D, 0xF79D, 0xF79D, 0xF7BD, 0xFFBD, 0xFFBE, 0xFFBE, 0xFFBE, 0xFFBE, 0xFFBE, 0xFFBE, 0xFFBE, 0xFFBE, 0xFFBE,
    0xF79D, 0xF79D, 0xF77D, 0xF77C, 0xF77C, 0xF77C, 0xF75C, 0xF75C, 0xF75C, 0xF75C, 0xF75C, 0xF75C, 0xF75C, 0xF75C, 0xEF3B, 0xEF3B,
    0xEF3C, 0xEF3C, 0xF75C, 0xF77D, 0xF77D, 0xF77D, 0xF79D, 0xF79D, 0xF79E, 0xF7BE, 0xFFDF, 0xFFDF, 0xFFDE, 0xFFDF, 0xFFDF, 0xFFFF,
    0xDF1D, 0xCE9B, 0x114A, 0x00E9, 0x010A, 0x010A, 0x010A, 0x010B, 0x012B, 0x012B, 0x012C, 0x014D, 0x01B0, 0x01D1, 0x01B3, 0x4BDA,
    0xCEDF, 0xC67F, 0xC65F, 0xD6BF, 0xE73F, 0xF7DF, 0x543A, 0x01B2, 0x09F0, 0x2273, 0x0863, 0x0000, 0x0000, 0x0000, 0x0000, 0x0000,
    0x0000, 0x0000, 0x0000, 0x0000, 0x0000, 0x0000, 0x08C5, 0x1212, 0x7C77, 0xFFFF, 0xADDF, 0x8CDD, 0x11AE, 0x092B, 0x00EA, 0x012B,
    0x012B, 0x010A, 0x010A, 0x012B, 0x2A74, 0x3AF7, 0x2214, 0x951A, 0xF7BF, 0xD6FE, 0xD6FE, 0xCEBE, 0xCEBE, 0xCE9D, 0xCE9D, 0xCE9C,
    0xCE9C, 0xCE9C, 0xCE9C, 0xD6BC, 0xDEDC, 0xDEDC, 0xD6BC, 0xD6BB, 0xDEDC, 0xE71C, 0xE71C, 0xE71C, 0xEF3C, 0xEF3C, 0xEF5C, 0xF75C,
    0xF77D, 0xF77D, 0xF79D, 0xF79D, 0xF7BD, 0xFFBE, 0xFFBE, 0xFFBE, 0xFFBE, 0xFFBE, 0xFFDE, 0xFFBE, 0xFFBE, 0xFFBE, 0xFFBD, 0xF79D,
    0xF79D, 0xF79D, 0xF77C, 0xF77C, 0xF77C, 0xF75C, 0xF75C, 0xF75C, 0xF75C, 0xF75C, 0xF77C, 0xFFDE, 0xFFDE, 0xFFBD, 0xFFDE, 0xFF7D,
    0xEF1B, 0xEF3C, 0xEF3C, 0xF75C, 0xF77D, 0xF77D, 0xF79D, 0xF79D, 0xF79D, 0xFFBE, 0xFFDE, 0xFFDE, 0xFFDE, 0xFFDF, 0xFFDF, 0xFFDF,
    0xFFFF, 0xF7BE, 0x21CC, 0x00E9, 0x012A, 0x010A, 0x010B, 0x010B, 0x012B, 0x012C, 0x014C, 0x014E, 0x018F, 0x01D1, 0x0A13, 0x01F5,
    0x43FB, 0xCEFF, 0xD6BF, 0xD6BF, 0xE73F, 0xEFBF, 0xAEDE, 0x2B38, 0x01F2, 0x2273, 0x0863, 0x0000, 0x0000, 0x0000, 0x0000, 0x0000,
    0x0000, 0x0000, 0x0000, 0x0000, 0x0000, 0x0000, 0x10C5, 0x1A13, 0x9559, 0xFFFF, 0xCE7F, 0x63D7, 0x012C, 0x19CE, 0x6CF8, 0x11EE,
    0x010A, 0x010A, 0x010A, 0x010A, 0x00E9, 0x19AF, 0x4B57, 0xE75F, 0xE75F, 0xDF3F, 0xDF1F, 0xC67E, 0xBE3D, 0xCE9D, 0xCE9D, 0xCE9D,
    0xCE7C, 0xCE9C, 0xD6BC, 0xD6DC, 0xDEDC, 0xDEDC, 0xDEFC, 0xE71C, 0xE71D, 0xEF3D, 0xEF5D, 0xEF5D, 0xF77D, 0xF79D, 0xF79D, 0xF79D,
    0xF79D, 0xF79D, 0xF79D, 0xF79D, 0xF79D, 0xF7BD, 0xFFBE, 0xFFBE, 0xFFBE, 0xFFBE, 0xFFBE, 0xFFBE, 0xFFBD, 0xF79D, 0xF79D, 0xF79D,
    0xF79D, 0xF77C, 0xF77C, 0xF77C, 0xF75C, 0xF75C, 0xF75C, 0xF75C, 0xF75C, 0xFFDE, 0xF75C, 0xA4B2, 0x72EB, 0x5A48, 0x7B2C, 0xCDF7,
    0xFF9D, 0xEF3B, 0xEF3C, 0xF75C, 0xF75C, 0xF77D, 0xF77D, 0xF79D, 0xF79D, 0xF7BE, 0xF7BE, 0xF7BE, 0xFFDE, 0xFFDF, 0xFFDF, 0xFFDF,
    0xFFFF, 0xF7BE, 0x322D, 0x00E9, 0x012A, 0x012A, 0x010B, 0x010B, 0x012B, 0x012C, 0x012C, 0x014D, 0x018F, 0x01F1, 0x0A13, 0x0A55,
    0x0237, 0x43FB, 0xDF3F, 0xD6FF, 0xDF3F, 0xEF9F, 0xB73F, 0xA69E, 0x1234, 0x1A53, 0x0883, 0x0000, 0x0000, 0x0000, 0x0000, 0x0000,
    0x0000, 0x0000, 0x0000, 0x0000, 0x0000, 0x0000, 0x10C5, 0x1A33, 0xADFA, 0xFFFF, 0xF77F, 0x3250, 0x092B, 0x19EE, 0x64D8, 0x1A0E,
    0x010A, 0x010A, 0x010A, 0x010A, 0x010A, 0x0047, 0x8CB6, 0xFFFF, 0xCEDF, 0xA5BC, 0x63F8, 0x7C9B, 0xBE5E, 0xCEBD, 0xCE9D, 0xCE9C,
    0xD6BD, 0xD6DD, 0xD6BC, 0xD6DC, 0xDEDC, 0xDEDC, 0xDEFC, 0xDEFC, 0xE6FC, 0xE71C, 0xE71C, 0xEF3C, 0xEF5C, 0xEF5D, 0xF75D, 0xF75D,
    0xF77D, 0xF77D, 0xF77D, 0xF79D, 0xF7BD, 0xF7BD, 0xF7BE, 0xFFBE, 0xFFBE, 0xFFBE, 0xFFBE, 0xF7BD, 0xF79D, 0xF79D, 0xF77C, 0xF75C,
    0xF75C, 0xF75C, 0xF75C, 0xF75C, 0xF75C, 0xF75C, 0xF73C, 0xF75C, 0xFFFF, 0xCDF7, 0x4165, 0x0000, 0x0000, 0x0001, 0x0000, 0x1020,
    0xB554, 0xF77D, 0xEF3B, 0xEF3C, 0xF75C, 0xF75C, 0xF77D, 0xF77D, 0xF79D, 0xF79D, 0xF79E, 0xF7BE, 0xF7BE, 0xFFDE, 0xFFDF, 0xFFDF,
    0xFFFF, 0xF7BE, 0x2A2E, 0x010A, 0x010A, 0x012B, 0x012B, 0x014C, 0x014D, 0x016D, 0x018E, 0x01AF, 0x01D1, 0x09F2, 0x09F2, 0x0A13,
    0x1275, 0x0A98, 0x543C, 0xE77F, 0xE77F, 0xF7BF, 0xA6BF, 0xA71F, 0x753A, 0x1A75, 0x0883, 0x0000, 0x0000, 0x0000, 0x0000, 0x0000,
    0x0000, 0x0000, 0x0000, 0x0000, 0x0000, 0x0000, 0x08C5, 0x2273, 0xC67C, 0xFFFF, 0xFFFF, 0x6BF4, 0x010B, 0x116C, 0x00EA, 0x092B,
    0x092A, 0x092A, 0x090A, 0x010A, 0x00C9, 0x198B, 0xCEBD, 0x9539, 0x3292, 0x012E, 0x63D6, 0xCEBE, 0xD6DE, 0xCE9D, 0xCE9D, 0xCE9D,
    0xD6BD, 0xD6DD, 0xD6DC, 0xD6DC, 0xDEDC, 0xDEFC, 0xDEFC, 0xE71C, 0xE71C, 0xE71C, 0xE73C, 0xEF3C, 0xEF5C, 0xEF5C, 0xEF5C, 0xEF5C,
    0xF77D, 0xF77D, 0xF79D, 0xF79D, 0xF79D, 0xF7BE, 0xF7BE, 0xF7BE, 0xF7BD, 0xF7BD, 0xF79D, 0xF79D, 0xF7BD, 0xF79D, 0xF79D, 0xFF9D,
    0xF79D, 0xF77C, 0xF75C, 0xF73C, 0xF73C, 0xEF3B, 0xF75C, 0xFFFF, 0xACF3, 0x2061, 0x0000, 0x0042, 0x0084, 0xB5B8, 0xD69A, 0x0883,
    0x20A2, 0xDE79, 0xF77D, 0xEF3C, 0xF75C, 0xEF5C, 0xF75D, 0xF77D, 0xF77D, 0xF79D, 0xF79E, 0xF7BE, 0xF7BE, 0xFFDE, 0xF7BE, 0xFFDF,
    0xFFFF, 0xE73D, 0x118C, 0x010A, 0x092B, 0x012B, 0x012B, 0x014C, 0x014D, 0x014C, 0x014C, 0x016D, 0x018E, 0x018F, 0x01B0, 0x09F2,
    0x1274, 0x1AB7, 0x12B9, 0x853D, 0xFFFF, 0xF7BF, 0x9E9F, 0x867F, 0xB77F, 0x6479, 0x0022, 0x0000, 0x0000, 0x0000, 0x0000, 0x0000,
    0x0000, 0x0000, 0x0000, 0x0000, 0x0000, 0x0000, 0x08C5, 0x2AB4, 0xD6DD, 0xF7DF, 0xF7BF, 0xEF9E, 0x3A8F, 0x00EA, 0x114B, 0x094B,
    0x092A, 0x092A, 0x090A, 0x090A, 0x00C9, 0x3A4E, 0x42F1, 0x0007, 0x092C, 0x9539, 0xE77F, 0xD6DE, 0xCE9D, 0xCE9D, 0xCE9D, 0xCE9D,
    0xCE9C, 0xCE7C, 0xCE7C, 0xCE7B, 0xCE7B, 0xCE7B, 0xD67B, 0xD6BB, 0xDEDB, 0xDEFC, 0xE71C, 0xEF3C, 0xE73C, 0xEF3C, 0xEF5C, 0xF77D,
    0xF77D, 0xF77D, 0xF79D, 0xF79D, 0xF79D, 0xF79D, 0xF79D, 0xF79D, 0xF79D, 0xF79D, 0xF7BD, 0xFFBE, 0xFFBE, 0xF79D, 0xF79D, 0xF77D,
    0xF77D, 0xF77C, 0xF75C, 0xEF3B, 0xF73B, 0xFF9D, 0xFFDE, 0xA491, 0x1000, 0x0800, 0x0842, 0x0042, 0x0022, 0x7BF1, 0xC65A, 0x1107,
    0x0000, 0x940F, 0xFFBE, 0xEF3C, 0xF75C, 0xF75C, 0xF75C, 0xF77D, 0xF77D, 0xF79D, 0xF79E, 0xF79E, 0xF7BE, 0xF7BE, 0xF7BE, 0xFFDF,
    0xFFFF, 0xA599, 0x094C, 0x096C, 0x092B, 0x010A, 0x010A, 0x010A, 0x012B, 0x012B, 0x014C, 0x016D, 0x098E, 0x09AF, 0x09D0, 0x0A12,
    0x1274, 0x1AB6, 0x2AF8, 0x335B, 0xBE7F, 0xFFFF, 0xAEFF, 0x8E9F, 0x9F3F, 0xAEBD, 0x0842, 0x0000, 0x0000, 0x0000, 0x0000, 0x0000,
    0x0000, 0x0000, 0x0000, 0x0000, 0x0000, 0x0000, 0x08C5, 0x3AF5, 0xE73E, 0xF7BF, 0xE75F, 0xF7BF, 0xDF1D, 0x2A2E, 0x00EA, 0x114B,
    0x094B, 0x092A, 0x090A, 0x090A, 0x092A, 0x00C8, 0x0006, 0x322E, 0xBE3B, 0xE77F, 0xCEBE, 0xCEBE, 0xCEBE, 0xCE9D, 0xC67D, 0xC67C,
    0xC65C, 0xC65B, 0xC63B, 0xC63B, 0xC65B, 0xC63A, 0xCE3A, 0xCE3A, 0xCE5A, 0xCE5A, 0xD65A, 0xD69A, 0xE6FB, 0xEF5C, 0xEF5D, 0xF75D,
    0xF77D, 0xF77D, 0xF77D, 0xF77D, 0xF79D, 0xF79D, 0xF79D, 0xF79D, 0xF7BD, 0xF7BD, 0xF79D, 0xF77C, 0xF75C, 0xEF3B, 0xEF1B, 0xEF3B,
    0xEF3B, 0xEF1B, 0xEF3B, 0xF75C, 0xF77C, 0xCE17, 0x6269, 0x1000, 0x2082, 0x20C4, 0x0063, 0x0042, 0x0000, 0x0000, 0x0023, 0x0063,
    0x0042, 0x5207, 0xF75C, 0xF75C, 0xF75C, 0xEF5C, 0xF75C, 0xF77D, 0xF77D, 0xF79D, 0xF79E, 0xF79E, 0xFFFF, 0xFFFF, 0xFFFF, 0xF7BE,
    0xFFFF, 0x8495, 0x0088, 0x096D, 0x11CF, 0x11D0, 0x098E, 0x014C, 0x012A, 0x014C, 0x09AE, 0x09AF, 0x11F0, 0x11F1, 0x11F1, 0x1232,
    0x1A74, 0x22B6, 0x2AF7, 0x3B5A, 0x647D, 0xF79F, 0xAEBE, 0x8EBF, 0x96DF, 0xBFBF, 0x4ACB, 0x0000, 0x0000, 0x0000, 0x0000, 0x0000,
    0x0000, 0x0000, 0x0000, 0x0000, 0x0000, 0x0000, 0x08A5, 0x4356, 0xEF9F, 0xEF9F, 0xDF5F, 0xD71E, 0xE77F, 0xDEFD, 0x3A6E, 0x00C9,
    0x114B, 0x094A, 0x092A, 0x090A, 0x00C8, 0x00EA, 0x7414, 0xE75F, 0xDF3F, 0xCEDE, 0xCEDE, 0xCEBE, 0xCE9D, 0xC67D, 0xC67C, 0xC65C,
    0xC65C, 0xC63B, 0xC63B, 0xC63B, 0xC63B, 0xC65A, 0xCE5A, 0xCE5A, 0xCE5A, 0xD67A, 0xDEBB, 0xE71C, 0xEF3D, 0xEF3C, 0xEF5C, 0xEF5C,
    0xEF5C, 0xEF5C, 0xF77D, 0xF77D, 0xF77D, 0xF79D, 0xF79D, 0xF79D, 0xF77D, 0xF75C, 0xF75C, 0xEF3B, 0xF75C, 0xF75C, 0xF75C, 0xF75C,
    0xF77C, 0xF79D, 0xF79D, 0xFFBE, 0xFFBE, 0xE6FB, 0xB554, 0x5A28, 0x28A2, 0x2904, 0x18E5, 0x10A4, 0x0021, 0x0001, 0x0021, 0x0883,
    0x18A3, 0x3104, 0xE6DA, 0xF77D, 0xF75C, 0xF77D, 0xF79D, 0xF79E, 0xF7BE, 0xFFBE, 0xFFDE, 0xFFFF, 0xDEDB, 0x9452, 0xA4F5, 0xDEBC,
    0xE6FC, 0x9D15, 0x5B51, 0x19AC, 0x010A, 0x098D, 0x1A11, 0x2294, 0x2273, 0x1A11, 0x09F1, 0x1A95, 0x22F7, 0x1AB6, 0x1A94, 0x1A73,
    0x1A74, 0x2295, 0x2AD6, 0x3B58, 0x439B, 0xBE7F, 0x647A, 0x7DFE, 0x9F1F, 0xB79F, 0xAE7A, 0x0020, 0x0000, 0x0000, 0x0000, 0x0000,
    0x0000, 0x0000, 0x0000, 0x0000, 0x0000, 0x0000, 0x0085, 0x53B7, 0xF7BF, 0xE77F, 0xDF3E, 0xD6FE, 0xCEDD, 0xDF3E, 0xE75E, 0x6392,
    0x00C9, 0x090A, 0x092A, 0x092A, 0x324E, 0xADDA, 0xF7DF, 0xDF3F, 0xD6DE, 0xCEDE, 0xCEBE, 0xC69E, 0xC67D, 0xC65D, 0xC65C, 0xBE3C,
    0xBE1B, 0xBE1B, 0xBE1B, 0xBE1B, 0xC63A, 0xC63A, 0xC63A, 0xC63A, 0xD67B, 0xDEFC, 0xE71C, 0xE71C, 0xE71C, 0xEF3C, 0xEF3C, 0xEF3C,
    0xEF3C, 0xEF5C, 0xF77D, 0xF77D, 0xF77D, 0xF79D, 0xF77D, 0xF75C, 0xEF5C, 0xF75C, 0xF75C, 0xF75C, 0xF75C, 0xF77D, 0xF79D, 0xFFBE,
    0xFFBE, 0xFFBE, 0xFFDE, 0xFFDE, 0xFFDE, 0xFFFF, 0xFFFF, 0xF77D, 0x8B8D, 0x4965, 0x2926, 0x3167, 0x18E5, 0x10A4, 0x0862, 0x3166,
    0x28E3, 0x2082, 0xCDF7, 0xFFBE, 0xF7BE, 0xFFDF, 0xFFFF, 0xFFFF, 0xFFFF, 0xFFFF, 0xFFFF, 0xDEBB, 0x3967, 0x28E5, 0x5A8B, 0x732E,
    0x2926, 0x2926, 0x524B, 0x73F4, 0x118D, 0x012B, 0x012B, 0x098E, 0x2AD5, 0x339B, 0x64BB, 0xC6DE, 0xCF1F, 0x755D, 0x2B59, 0x22D5,
    0x1A74, 0x2294, 0x2AD6, 0x3B38, 0x437B, 0xA5DE, 0x3B35, 0x2B16, 0xAF3F, 0xAF5F, 0xCFFF, 0x4249, 0x0000, 0x0000, 0x0000, 0x0000,
    0x0000, 0x0000, 0x0000, 0x0000, 0x0000, 0x0000, 0x0084, 0x6C38, 0xFFDF, 0xDF5F, 0xD71E, 0xCEDD, 0xC6BD, 0xC69C, 0xC6BD, 0xE77E,
    0x9516, 0x196B, 0x00A9, 0x116C, 0x9519, 0xEF9F, 0xDF3F, 0xD71F, 0xCEDF, 0xCEBE, 0xC69E, 0xC65E, 0xBE5D, 0xBE5D, 0xBE3C, 0xBE1C,
    0xBE1B, 0xBE1B, 0xBE1B, 0xBE1B, 0xBE1A, 0xC61A, 0xC63A, 0xD6BC, 0xDEFC, 0xDEFC, 0xE6FC, 0xE71C, 0xE71C, 0xE73C, 0xEF3C, 0xEF3C,
    0xEF5C, 0xEF5D, 0xF77D, 0xF77D, 0xF75D, 0xEF3C, 0xEF3C, 0xF75C, 0xF75C, 0xF75C, 0xF77C, 0xF77D, 0xFFBD, 0xFFBE, 0xFFDE, 0xFFDE,
    0xFFBE, 0xFFBE, 0xFFDE, 0xFFDE, 0xFFBE, 0xFFDE, 0xFFDE, 0xFFFF, 0xFFFF, 0xBD74, 0x6289, 0x49C7, 0x3186, 0x3187, 0x3145, 0x4944,
    0x28A2, 0x730C, 0xE71B, 0xFFFF, 0xFFDF, 0xFFDF, 0xFFDE, 0xFFDF, 0xFFDE, 0xFFDE, 0xFFFF, 0xB575, 0x1022, 0x2905, 0x2905, 0x1062,
    0x0000, 0x18C4, 0x10A4, 0x4A4B, 0x3AD1, 0x010B, 0x014C, 0x014C, 0x09AF, 0x43D9, 0xEFDF, 0xFFFF, 0xF7FF, 0xFFFF, 0x651D, 0x2318,
    0x2295, 0x2294, 0x2AB5, 0x3B17, 0x437A, 0x957D, 0x1A30, 0x014F, 0x751A, 0xC7DF, 0xCFFF, 0x8CF4, 0x0000, 0x0000, 0x0000, 0x0000,
    0x0000, 0x0000, 0x0000, 0x0000, 0x0000, 0x0000, 0x0064, 0x7CD9, 0xFFFF, 0xDF5F, 0xCF1E, 0xC6BD, 0xC69D, 0xBE9C, 0xB65B, 0xB63B,
    0xD71E, 0xC67B, 0x5B72, 0x7456, 0xDF3F, 0xDF3F, 0xB63E, 0xBE5E, 0xC6BF, 0xC67E, 0xBE5E, 0xBE5D, 0xBE3D, 0xBE1C, 0xB61C, 0xB5FC,
    0xBDFB, 0xBDFB, 0xBDFB, 0xBDFB, 0xBDFA, 0xC63B, 0xD6BC, 0xDEDC, 0xDEDC, 0xDEFC, 0xE6FC, 0xE71C, 0xE71C, 0xE71C, 0xE71C, 0xEF3C,
    0xEF3C, 0xEF3C, 0xEF3C, 0xEF3C, 0xEF3C, 0xEF3C, 0xEF3C, 0xF75C, 0xF75C, 0xF77D, 0xF79D, 0xFFBE, 0xFFBE, 0xFFBE, 0xFFBE, 0xFFBE,
    0xFFDE, 0xFFDE, 0xFFDE, 0xFFDE, 0xFFBE, 0xFFBE, 0xFFDE, 0xFFDE, 0xFFFF, 0xFFFF, 0xEF1B, 0xACF2, 0x732C, 0x5A49, 0x5A49, 0x836D,
    0xBD96, 0xFFFF, 0xFFFF, 0xFFBE, 0xFFBE, 0xFFBE, 0xFFBE, 0xF7BE, 0xF79E, 0xF79E, 0xFFBE, 0xF79D, 0x83AE, 0x1883, 0x1883, 0x18E4,
    0x2925, 0x20E5, 0x20E5, 0x2926, 0x21ED, 0x012B, 0x014C, 0x096D, 0x09D0, 0x649A, 0xF7FF, 0xD79F, 0xCF7F, 0xF7FF, 0x9E1F, 0x2319,
    0x22B5, 0x2274, 0x2A95, 0x32B6, 0x6C7C, 0x5BD6, 0x010C, 0x016E, 0x1A32, 0xBF1E, 0xCFFF, 0xBEFC, 0x0841, 0x0000, 0x0000, 0x0000,
    0x0000, 0x0000, 0x0000, 0x0000, 0x0000, 0x0000, 0x0064, 0x955B, 0xFFFF, 0xD73F, 0xCEFE, 0xC6BD, 0xBE9C, 0xB65C, 0xAE3B, 0xAE1B,
    0xA5FB, 0xB65C, 0xD71E, 0xE77E, 0x7456, 0x4315, 0x7CFC, 0xBE5F, 0xC67F, 0xBE7E, 0xBE5E, 0xBE3D, 0xB61D, 0xB5FC, 0xB5FC, 0xB5FC,
    0xB5FB, 0xB5FB, 0xBDFB, 0xBDFB, 0xC63B, 0xCE9C, 0xD6BC, 0xD6BC, 0xD6BC, 0xD6BB, 0xD69B, 0xDEBB, 0xDEDB, 0xDEDB, 0xE6FC, 0xE6FC,
    0xE71C, 0xE71C, 0xEF1C, 0xEF3C, 0xEF3C, 0xEF3C, 0xEF3C, 0xF77C, 0xF79D, 0xF79D, 0xF7BD, 0xF7BD, 0xFFBE, 0xFFBE, 0xFFBE, 0xFFDE,
    0xFFDE, 0xFFDE, 0xFFDE, 0xFFDE, 0xFFDE, 0xFFBE, 0xFFDE, 0xFFDE, 0xFFDE, 0xFFDE, 0xFFFF, 0xFFFF, 0xFFDE, 0xF77D, 0xF7BE, 0xFFFF,
    0xFFFF, 0xFFBE, 0xFFBE, 0xFFBE, 0xFF9E, 0xF79E, 0xF79D, 0xF79D, 0xF79D, 0xF79D, 0xF77D, 0xF79D, 0xFFDE, 0xB554, 0x62AB, 0x4A09,
    0x3167, 0x18C4, 0x2926, 0x7BF2, 0x21CD, 0x010A, 0x014B, 0x096D, 0x11CF, 0x3B98, 0xE7BF, 0xDFDF, 0xC79F, 0xEFFF, 0x8E1F, 0x3379,
    0x1A55, 0x2254, 0x2A74, 0x4318, 0x5398, 0x094D, 0x014C, 0x096D, 0x014E, 0x74B9, 0xD7FF, 0xCFDF, 0x31A6, 0x0000, 0x0000, 0x0000,
    0x0000, 0x0000, 0x0000, 0x0000, 0x0000, 0x0000, 0x0085, 0xADFC, 0xF7DF, 0xD73F, 0xCEDE, 0xBE9D, 0xB67C, 0xAE3C, 0xA61B, 0x9DFB,
    0x9DDB, 0x95DB, 0x95DB, 0xA63C, 0xB65C, 0xADDB, 0xD6FF, 0xBE7F, 0xBE5F, 0xBE5F, 0xB63E, 0xB61D, 0xB5FD, 0xB5FD, 0xB5FC, 0xB5DC,
    0xB5DB, 0xB5FB, 0xB5DB, 0xBE1B, 0xCE7C, 0xCE5C, 0xCE5B, 0xC65B, 0xC63B, 0xCE7B, 0xD69B, 0xDEDC, 0xDEDC, 0xDEDB, 0xDEDC, 0xE6FC,
    0xE71C, 0xE71C, 0xEF3C, 0xEF3C, 0xEF3C, 0xEF3C, 0xEF5C, 0xF77D, 0xF79D, 0xF79D, 0xF79D, 0xF7BE, 0xFFBE, 0xFFBE, 0xF7BE, 0xFFBE,
    0xFFBE, 0xFFBE, 0xFFDE, 0xFFDE, 0xFFDE, 0xFFDE, 0xFFDE, 0xFFDE, 0xFFBE, 0xFFDE, 0xFFDE, 0xFFDE, 0xFFDE, 0xFFDE, 0xFFDE, 0xFFBE,
    0xFFBE, 0xFFBE, 0xFFBE, 0xF79E, 0xF79D, 0xF79D, 0xF79D, 0xF77D, 0xF77D, 0xF77D, 0xF75D, 0xF77D, 0xF77D, 0xFFBE, 0xE6DA, 0x6ACB,
    0x1083, 0x18E5, 0x1084, 0x9CD5, 0x8CD6, 0x00A9, 0x012B, 0x094C, 0x11CF, 0x1A94, 0x64BB, 0xC71F, 0xC71F, 0x85DE, 0x6DBF, 0x6D7F,
    0x43B8, 0x2233, 0x2A54, 0x2233, 0x012C, 0x012B, 0x014C, 0x094C, 0x096D, 0x2AD5, 0xBF5F, 0xDFFF, 0x52EB, 0x0000, 0x0000, 0x0000,
    0x0000, 0x0000, 0x0000, 0x0000, 0x0000, 0x0000, 0x0885, 0xBE5D, 0xF7DF, 0xD71F, 0xC6DE, 0xBE9D, 0xAE5C, 0xA61B, 0x9DDB, 0x95BA,
    0x8D9A, 0x8D9A, 0x8DBB, 0x8D9B, 0x8DBB, 0xAE7D, 0xC6FE, 0xD71F, 0xCEDF, 0xB61F, 0xADFE, 0xADFE, 0xADFD, 0xADDD, 0xADDC, 0xADDC,
    0xADDC, 0xADBB, 0xBE1C, 0xC63C, 0xBE1B, 0xBDFB, 0xBDFB, 0xBE1B, 0xCE7B, 0xD6BC, 0xD6BC, 0xD6BB, 0xD6BB, 0xDEBB, 0xDEDC, 0xE6FC,
    0xE6FC, 0xE71C, 0xE71C, 0xEF3C, 0xEF5C, 0xEF5D, 0xF77D, 0xF75C, 0xF77D, 0xF77D, 0xF79D, 0xFFBE, 0xF7BE, 0xFFBE, 0xFFBE, 0xFFBE,
    0xFFBE, 0xFFBE, 0xFFBE, 0xFFDE, 0xFFDE, 0xFFBE, 0xFFDE, 0xFFDE, 0xFFBE, 0xFFBE, 0xFFBE, 0xFFBE, 0xFFBE, 0xFFBE, 0xFFBE, 0xFFBE,
    0xF79E, 0xF79D, 0xF79D, 0xF79D, 0xF79D, 0xF77D, 0xF77D, 0xF77D, 0xF77D, 0xEF5C, 0xF75C, 0xF75C, 0xF75C, 0xEF5C, 0xEEFB, 0xD638,
    0x83CF, 0x20E5, 0x41E9, 0xDEDB, 0xDEFC, 0x010A, 0x010A, 0x014B, 0x098D, 0x11F0, 0x1253, 0x22D6, 0x22F7, 0x1275, 0x3B97, 0x757F,
    0x759F, 0x4BF9, 0x012B, 0x010B, 0x012B, 0x014C, 0x014C, 0x094C, 0x094C, 0x11F2, 0x95BC, 0xF7FF, 0x73AE, 0x0000, 0x0000, 0x0000,
    0x0000, 0x0000, 0x0000, 0x0000, 0x0000, 0x0000, 0x08A5, 0xC6BE, 0xEFBF, 0xD71F, 0xC6DE, 0xB67D, 0xAE3C, 0x9DFB, 0x95BB, 0x8D7A,
    0x855A, 0x855A, 0x7D5A, 0x7D5B, 0x7D7B, 0x7D7B, 0x859C, 0x9E1D, 0xBEBE, 0xCEFF, 0xC69F, 0xAE1E, 0x9DBE, 0xA5BD, 0xADDD, 0xA5BC,
    0xADBC, 0xB5FC, 0xB5FC, 0xB5DB, 0xB5DB, 0xB5FB, 0xBDFB, 0xC65B, 0xCE7C, 0xCE9C, 0xCE7B, 0xD67B, 0xD6BC, 0xDEDC, 0xDEDC, 0xDEDC,
    0xE6FC, 0xE6FC, 0xE71C, 0xEF5C, 0xEF3C, 0xEF3C, 0xEF5C, 0xEF5C, 0xF77D, 0xF79D, 0xF79E, 0xFFBE, 0xFFBE, 0xFFBE, 0xFFBE, 0xFFBE,
    0xFFBE, 0xFFBE, 0xFFBE, 0xFFBE, 0xFFBE, 0xFFBE, 0xFFBE, 0xFFDE, 0xFFBE, 0xFFBE, 0xFFBE, 0xFFBE, 0xFFBE, 0xFFBE, 0xF79D, 0xF79D,
    0xF79D, 0xF79D, 0xF79D, 0xF77D, 0xF77D, 0xF77D, 0xF77D, 0xF75C, 0xF75C, 0xEF5C, 0xEF5C, 0xEF3C, 0xEF3C, 0xEF1C, 0xE6DA, 0xD659,
    0xB555, 0x62CC, 0xB535, 0xFFBE, 0xEF7E, 0x21CC, 0x00E9, 0x012B, 0x094B, 0x096D, 0x11AE, 0x11CF, 0x09AF, 0x09D0, 0x016E, 0x2271,
    0x6D1D, 0x6D7F, 0x5419, 0x096D, 0x00EA, 0x012B, 0x012B, 0x012B, 0x092B, 0x1A12, 0x6C9A, 0xFFFF, 0x8451, 0x0000, 0x0000, 0x0000,
    0x0000, 0x0000, 0x0000, 0x0000, 0x0000, 0x0000, 0x10C5, 0xD71E, 0xE79F, 0xCF1F, 0xBEBE, 0xB67D, 0xA61C, 0x9DDB, 0x8D9B, 0x855A,
    0x7D3A, 0x7D1A, 0x751A, 0x74FA, 0x74FA, 0x751B, 0x753C, 0x755C, 0x7D7D, 0x95FE, 0xB69F, 0xCEFF, 0xCEBF, 0xB61E, 0x9D9D, 0x9D9D,
    0xA5BD, 0xADDC, 0xADDC, 0xADDC, 0xADDB, 0xB5DB, 0xBE1C, 0xC65C, 0xC65C, 0xC65B, 0xC65B, 0xD69C, 0xD6BC, 0xD6BC, 0xDEBC, 0xDEDC,
    0xDEDC, 0xE6FC, 0xE71C, 0xE71C, 0xE71C, 0xEF1C, 0xEF3C, 0xEF5C, 0xF79D, 0xF79D, 0xF79D, 0xF79D, 0xF79D, 0xF79D, 0xF79D, 0xF7BD,
    0xF7BE, 0xFFBE, 0xFFBE, 0xFFBE, 0xFFBE, 0xFFBE, 0xFFBE, 0xFFBE, 0xFFBE, 0xFFBE, 0xFFBE, 0xFFBE, 0xF79D, 0xF79D, 0xF79D, 0xF79D,
    0xF79D, 0xF77D, 0xF77D, 0xF77D, 0xF77C, 0xF75C, 0xF75C, 0xF75C, 0xEF3C, 0xEF3C, 0xEF3C, 0xEF3C, 0xEF3C, 0xE6FB, 0xDEBA, 0xD638,
    0x9451, 0x7B8F, 0xD679, 0xEF3C, 0xFFFF, 0x324E, 0x00C9, 0x012A, 0x012B, 0x014B, 0x094C, 0x096D, 0x096D, 0x016D, 0x014C, 0x00EA,
    0x11CD, 0x5CBC, 0x7DBF, 0x543A, 0x094C, 0x00EA, 0x012B, 0x012B, 0x012B, 0x1A32, 0x4356, 0xF7FF, 0x94B2, 0x0000, 0x0000, 0x0000,
    0x0000, 0x0000, 0x0000, 0x0000, 0x0000, 0x0000, 0x1905, 0xE77F, 0xE77F, 0xCEFF, 0xBEBE, 0xAE5D, 0xA61C, 0x95DB, 0x8D7A, 0x7D3A,
    0x7D1A, 0x74FA, 0x6CDA, 0x6CDA, 0x6CBA, 0x64DA, 0x64DB, 0x64FC, 0x6D3D, 0x755D, 0x7D7E, 0x8DDE, 0xAE7F, 0xC6FF, 0xCEFF, 0xC67E,
    0xADDE, 0x9D7D, 0x9D9D, 0xA5BC, 0xADDC, 0xB5FC, 0xBE1C, 0xBE1C, 0xBE1C, 0xBE3C, 0xC65C, 0xCE7C, 0xD69C, 0xD69C, 0xD6BC, 0xDEBC,
    0xDEDC, 0xDEDC, 0xDEDC, 0xE6FB, 0xE71C, 0xE71C, 0xEF3C, 0xF77D, 0xF79D, 0xF79D, 0xF77D, 0xF77D, 0xF77D, 0xF79D, 0xF7BD, 0xF79D,
    0xF79D, 0xF79D, 0xF79D, 0xF79D, 0xF7BD, 0xFFBE, 0xFFBE, 0xFFBE, 0xFFBE, 0xFFBE, 0xFFBE, 0xF7BD, 0xF79D, 0xF79D, 0xF79D, 0xF79D,
    0xF79D, 0xF77D, 0xF75C, 0xF75C, 0xF75C, 0xF75C, 0xEF3C, 0xEF3C, 0xEF3C, 0xEF3C, 0xEF1C, 0xEF1B, 0xE6FB, 0xDE9A, 0xD659, 0xC5F8,
    0x732D, 0x8C10, 0xD679, 0xF77D, 0xF7BE, 0x2A0D, 0x00E9, 0x010A, 0x010A, 0x012B, 0x012B, 0x014B, 0x014C, 0x010B, 0x010A, 0x012B,
    0x00CA, 0x118C, 0x64DB, 0x7DBF, 0x6CBA, 0x092B, 0x010A, 0x012B, 0x012B, 0x19F0, 0x2A73, 0xF7DF, 0x9CD3, 0x0000, 0x0000, 0x0000,
    0x0000, 0x0000, 0x0000, 0x0000, 0x0000, 0x0000, 0x2126, 0xEF9F, 0xDF5F, 0xCEFF, 0xBE9E, 0xAE5D, 0x9DFC, 0x95BB, 0x855A, 0x7D1A,
    0x74FA, 0x6CDA, 0x6CBA, 0x649A, 0x649A, 0x5C9A, 0x5C9B, 0x5C9C, 0x5CDC, 0x64FD, 0x6D3D, 0x755E, 0x7D9E, 0x85DE, 0xA65F, 0xBEDF,
    0xCEFF, 0xCEBE, 0xB63E, 0xA5BD, 0xA5BD, 0xA5DD, 0xADFC, 0xB5FC, 0xB5FC, 0xBE1C, 0xC63C, 0xC65C, 0xCE7C, 0xCE9C, 0xD69B, 0xD69B,
    0xD6BB, 0xD6BB, 0xDEDB, 0xE6DB, 0xE6FB, 0xEF3C, 0xF77D, 0xF77D, 0xF77D, 0xEF5C, 0xF75C, 0xF77D, 0xF79D, 0xF77D, 0xF77C, 0xF75C,
    0xF75C, 0xF77C, 0xF77D, 0xF79D, 0xF7BD, 0xF7BD, 0xFFBE, 0xFFBE, 0xF7BD, 0xF7BD, 0xF7BD, 0xF79D, 0xF79D, 0xF79D, 0xF77D, 0xF77D,
    0xFFBE, 0xFFFF, 0xFF9D, 0xF75C, 0xEF3C, 0xEF5C, 0xEF3C, 0xEF3C, 0xEF3C, 0xEF1B, 0xE6FB, 0xE6FB, 0xE6DA, 0xD679, 0xACF4, 0x4A29,
    0x41A7, 0xBD76, 0xDEBA, 0xF79E, 0xDEFC, 0x094A, 0x00E9, 0x00EA, 0x00EA, 0x010A, 0x010A, 0x012A, 0x010A, 0x00E9, 0x00EA, 0x010A,
    0x012B, 0x00C9, 0x096C, 0x751C, 0x8DDF, 0x53D8, 0x012B, 0x010A, 0x012A, 0x098F, 0x5BB6, 0xFFFF, 0x94D3, 0x0000, 0x0000, 0x0000,
    0x0000, 0x0000, 0x0000, 0x0000, 0x0000, 0x0000, 0x2966, 0xF7DF, 0xDF3F, 0xCEFF, 0xB69E, 0xA63D, 0x9DDC, 0x8D9B, 0x7D3B, 0x7CFA,
    0x74FA, 0x6CBA, 0x649A, 0x5C7A, 0x5C7A, 0x545A, 0x4C7B, 0x5CFD, 0x54BD, 0x549C, 0x5CBC, 0x64FD, 0x6D3D, 0x757E, 0x7DBE, 0x85DF,
    0x961F, 0xAE9F, 0xCF1F, 0xD73F, 0xCEDE, 0xBE3E, 0xADDD, 0xA5BD, 0xADDD, 0xB5FC, 0xBE1C, 0xBE1C, 0xC65C, 0xC65C, 0xCE7B, 0xCE7B,
    0xD69B, 0xD69B, 0xDEBB, 0xDEDB, 0xE6FC, 0xEF5D, 0xEF5D, 0xEF3C, 0xEF3C, 0xEF5C, 0xF75D, 0xF75D, 0xF75C, 0xEF5C, 0xF75C, 0xF75C,
    0xF77C, 0xF77C, 0xF77D, 0xF79D, 0xF79D, 0xF79D, 0xF7BD, 0xF7BD, 0xF7BD, 0xF7BD, 0xF79D, 0xF79D, 0xF77D, 0xF77D, 0xFFDE, 0xBD74,
    0x41C6, 0x83AE, 0xCE38, 0xEF1B, 0xF75C, 0xF77D, 0xFF9D, 0xF77D, 0xF75C, 0xEF1B, 0xD659, 0xBD75, 0x9431, 0x62EC, 0x62AB, 0x526A,
    0x3146, 0xAD14, 0xE6FB, 0xFFFF, 0x9D37, 0x0087, 0x0109, 0x00E9, 0x00E9, 0x00E9, 0x0109, 0x00E9, 0x00E9, 0x00E9, 0x00E9, 0x00EA,
    0x010A, 0x010A, 0x00A8, 0x19CD, 0x74DD, 0x9DDF, 0x5BD6, 0x00C9, 0x00CA, 0x32B3, 0xDF5E, 0xF7FF, 0x8C92, 0x0000, 0x0000, 0x0000,
    0x0000, 0x0000, 0x0000, 0x0000, 0x0000, 0x0000, 0x3186, 0xF7DF, 0xDF5F, 0xC6DF, 0xB69E, 0xA63E, 0x95BC, 0x857C, 0x7D3B, 0x74FB,
    0x6CBA, 0x649A, 0x5C7A, 0x5C5A, 0x545A, 0x4C3B, 0x445C, 0x85FE, 0x54DE, 0x4C7C, 0x549C, 0x5CBC, 0x64DC, 0x6D1D, 0x755D, 0x7D9E,
    0x85BE, 0x8DDF, 0x95FF, 0x9E5F, 0xBEDF, 0xD75F, 0xD73F, 0xCEDE, 0xBE5E, 0xADFD, 0xADBC, 0xB5DC, 0xBE1C, 0xC63C, 0xC63B, 0xCE5B,
    0xD67B, 0xD69B, 0xD6BB, 0xDEDB, 0xEF3D, 0xEF5D, 0xEF3C, 0xEF3C, 0xEF3C, 0xEF3C, 0xEF3C, 0xEF3C, 0xEF3C, 0xEF5C, 0xF75C, 0xF75C,
    0xF77C, 0xF77D, 0xF77D, 0xF77D, 0xF79D, 0xF79D, 0xF79D, 0xF79D, 0xF79D, 0xF77D, 0xF77C, 0xF77C, 0xF77C, 0xF77C, 0xF79D, 0xEEFB,
    0x9430, 0x62AA, 0x732C, 0x9C50, 0xB513, 0xAD13, 0xA4B2, 0x9C91, 0x9451, 0x8BEF, 0x7B8E, 0x7B8E, 0x83AF, 0xA4B2, 0xB535, 0xC5D7,
    0x7B8F, 0x83F0, 0xF77D, 0xF7BF, 0x2A0C, 0x00A7, 0x00E9, 0x00E9, 0x00E9, 0x00E9, 0x00E8, 0x00C8, 0x00C9, 0x00E9, 0x00E9, 0x00E9,
    0x00E9, 0x00EA, 0x010A, 0x00A8, 0x21CD, 0x9D9E, 0x95BF, 0x32B2, 0x3250, 0xD71D, 0xDFFF, 0xE7FF, 0x8C92, 0x0000, 0x0000, 0x0000,
    0x0000, 0x0000, 0x0000, 0x0000, 0x0000, 0x0000, 0x3186, 0xF7DF, 0xDF3F, 0xCEDF, 0xB69F, 0xA63E, 0x95BD, 0x855C, 0x7D1B, 0x74DB,
    0x64BB, 0x5C7A, 0x5C5A, 0x543A, 0x4C3A, 0x4C3B, 0x447D, 0xBF1F, 0x551E, 0x4C7D, 0x4C5C, 0x547C, 0x5CBC, 0x64DC, 0x6CFD, 0x6D1D,
    0x755D, 0x7D9E, 0x85BE, 0x8DDF, 0x961F, 0x9E5F, 0xAEBF, 0xC71F, 0xD77F, 0xDF5F, 0xCEDE, 0xC65D, 0xB5FD, 0xB5DC, 0xBE1C, 0xC63B,
    0xCE5B, 0xCE7B, 0xD69B, 0xE6FC, 0xE73D, 0xE71C, 0xE71C, 0xEF3C, 0xEF1C, 0xEF1C, 0xEF1B, 0xEF3C, 0xEF3C, 0xEF3C, 0xEF5C, 0xF75C,
    0xF77D, 0xF77D, 0xF77D, 0xF77D, 0xF77D, 0xF79D, 0xF79D, 0xF77D, 0xF75C, 0xF75C, 0xF77C, 0xF77C, 0xF77C, 0xF77C, 0xF75C, 0xF77C,
    0xFFBE, 0xFF9D, 0xEF3B, 0xE6B9, 0xDE78, 0xCE17, 0xC5B6, 0xC5B6, 0xC5B6, 0xC5F7, 0xD638, 0xD659, 0xD679, 0xD658, 0xCE38, 0xCE38,
    0xC5D7, 0xB576, 0xFFDF, 0x73F2, 0x0046, 0x00E8, 0x00E8, 0x00E8, 0x00E8, 0x00C8, 0x00C8, 0x00C8, 0x00C9, 0x00C9, 0x00C9, 0x00C9,
    0x00E9, 0x00E9, 0x010A, 0x0109, 0x00A8, 0x32B2, 0x9DBF, 0xC69E, 0xDF7E, 0xCFBF, 0xC77F, 0xE7FF, 0x8CB2, 0x0000, 0x0000, 0x0000,
    0x0000, 0x0000, 0x0000, 0x0000, 0x0000, 0x0000, 0x2126, 0xEF9F, 0xE75F, 0xCEDF, 0xB69F, 0xA61E, 0x95BD, 0x855C, 0x74FB, 0x6CDB,
    0x649B, 0x5C5A, 0x545A, 0x4C1A, 0x4C1B, 0x33DC, 0x6D3E, 0xFFFF, 0x657F, 0x3C5D, 0x4C5C, 0x4C5C, 0x547C, 0x5C9C, 0x5CBC, 0x64DC,
    0x6CFD, 0x753E, 0x757E, 0x7D9E, 0x85DF, 0x8DFF, 0x9E1F, 0xA65F, 0xAE9F, 0xB6DF, 0xCF5F, 0xDF9F, 0xDF5F, 0xD6DE, 0xBDFC, 0xBE1C,
    0xC65C, 0xCE7B, 0xD6BC, 0xE71C, 0xE71C, 0xE71C, 0xE71C, 0xE71C, 0xE6FB, 0xE71B, 0xEF1B, 0xEF3C, 0xEF1C, 0xEF1B, 0xEF5C, 0xF75C,
    0xF75C, 0xF77D, 0xF77D, 0xF77D, 0xF77D, 0xF75C, 0xF75C, 0xF75C, 0xF75C, 0xF75C, 0xF75C, 0xF75C, 0xF75C, 0xF75C, 0xF75C, 0xEF5C,
    0xEF3C, 0xEF3B, 0xEF1B, 0xEF1B, 0xE6DA, 0xE6FA, 0xE6FB, 0xE6DB, 0xE6BA, 0xDEBA, 0xDE9A, 0xDE9A, 0xDE99, 0xD679, 0xD679, 0xD659,
    0xDEBA, 0xFFBE, 0xCE7A, 0x0046, 0x0066, 0x00C8, 0x00C8, 0x00C8, 0x00C8, 0x00C8, 0x00C8, 0x00C8, 0x00C8, 0x00C8, 0x00C9, 0x00C9,
    0x00E9, 0x00E9, 0x010A, 0x010A, 0x00AA, 0x220E, 0xCEBD, 0xDFDF, 0xC77F, 0xB71E, 0xC77F, 0xE7FF, 0x8C92, 0x0000, 0x0000, 0x0000,
    0x0000, 0x0000, 0x0000, 0x0000, 0x0000, 0x0000, 0x0885, 0xCEBE, 0xEF9F, 0xCEFF, 0xBE9F, 0xA61E, 0x95BE, 0x853C, 0x74DC, 0x6CBB,
    0x647B, 0x5C5B, 0x543B, 0x4C1A, 0x43FB, 0x33FD, 0xBEDF, 0xFFFF, 0x8E5F, 0x343E, 0x443C, 0x4C3B, 0x4C5C, 0x547C, 0x5C9C, 0x5CBC,
    0x64DD, 0x6CFD, 0x753E, 0x757E, 0x7D9E, 0x85BE, 0x8DFF, 0x9E1F, 0xA65F, 0xAE7F, 0xB6BF, 0xB6DF, 0xC73F, 0xE7DF, 0xE75F, 0xBE1C,
    0xBE3C, 0xC65C, 0xDEDC, 0xDEFC, 0xE6FC, 0xE6FC, 0xDEDC, 0xDEDB, 0xE6FB, 0xE6FB, 0xE6FB, 0xE71B, 0xEF1B, 0xEF3C, 0xEF5C, 0xF75C,
    0xF75C, 0xF75C, 0xF75C, 0xEF3C, 0xEF3C, 0xEF5C, 0xF75C, 0xF75C, 0xF75C, 0xF75C, 0xEF5C, 0xEF5C, 0xEF5C, 0xEF3C, 0xEF3C, 0xEF3C,
    0xEF3B, 0xEF1B, 0xEF1B, 0xEEFB, 0xE6FB, 0xE6FB, 0xE6DA, 0xE6DA, 0xE6BA, 0xDEBA, 0xDEBA, 0xDE9A, 0xDE9A, 0xDE9A, 0xDE9A, 0xDE9A,
    0xEF3C, 0xFFDF, 0xFFFF, 0xA577, 0x1949, 0x0026, 0x0066, 0x0087, 0x0066, 0x00C7, 0x00C8, 0x00C8, 0x00C8, 0x00C8, 0x00C9, 0x00E9,
    0x010A, 0x010A, 0x00C9, 0x096D, 0x7476, 0xCF1E, 0xBF1E, 0xB71E, 0xBF3F, 0xBF1E, 0xBF5F, 0xE7FF, 0x8492, 0x0000, 0x0000, 0x0000,
    0x0000, 0x0000, 0x0000, 0x0000, 0x0000, 0x0000, 0x0065, 0x84FA, 0xFFFF, 0xD6FF, 0xBE7F, 0xAE1F, 0x95BE, 0x7D3D, 0x74DC, 0x64BC,
    0x5C7B, 0x543B, 0x4C1B, 0x3BFC, 0x2BFD, 0x963F, 0xFFFF, 0xEFFF, 0xCF5F, 0x3C9E, 0x441C, 0x441B, 0x4C3B, 0x4C5C, 0x547C, 0x5C9C,
    0x5CBD, 0x64DD, 0x6CFD, 0x753E, 0x7D7E, 0x7D9E, 0x85DF, 0x961F, 0x9E3F, 0xA65F, 0xA67F, 0xB69F, 0xBEDF, 0xC73F, 0xEFDF, 0xD6DE,
    0xB5FC, 0xCE7C, 0xD6BC, 0xDEDC, 0xDEBC, 0xD6BB, 0xDEDB, 0xDEDB, 0xDEDB, 0xE6DB, 0xE6DB, 0xE71B, 0xEF3C, 0xEF5C, 0xEF3C, 0xEF3C,
    0xEF3C, 0xEF1B, 0xEF1B, 0xEF1C, 0xEF3C, 0xEF5C, 0xEF3C, 0xEF3C, 0xEF3C, 0xEF3C, 0xEF5C, 0xEF3C, 0xEF3C, 0xEF3B, 0xEF3B, 0xEF1B,
    0xEF1B, 0xEF1B, 0xEEFB, 0xE6FB, 0xE6FB, 0xE6FB, 0xE6DA, 0xE6DA, 0xE6BA, 0xDEBA, 0xDEBA, 0xDEBA, 0xDE9A, 0xDE9A, 0xDE9A, 0xE6FB,
    0xFFDF, 0xFFDF, 0xFFDF, 0xFFFF, 0xE75D, 0x8474, 0x428E, 0x3A4C, 0x42AE, 0x1149, 0x00A7, 0x00C8, 0x00E9, 0x00E9, 0x00E9, 0x010A,
    0x00CA, 0x012C, 0x5B93, 0xB67C, 0xC73F, 0xA69D, 0x963D, 0xA69D, 0xBF3E, 0xBF3E, 0xBF5F, 0xDFFF, 0x8472, 0x0000, 0x0000, 0x0000,
    0x0000, 0x0000, 0x0000, 0x0000, 0x0000, 0x0000, 0x08A5, 0x32D5, 0xEF7E, 0xE73F, 0xC69F, 0xB63F, 0x95BE, 0x853D, 0x74DC, 0x64BC,
    0x5CBD, 0x4C7D, 0x445D, 0x5D1E, 0xAEBF, 0xF7FF, 0xE7DF, 0xE7DF, 0xF7FF, 0x75DF, 0x2BFE, 0x441C, 0x441B, 0x4C3B, 0x4C5C, 0x547C,
    0x5C9C, 0x64BD, 0x64DD, 0x6D1E, 0x755E, 0x7D7E, 0x85BF, 0x8DDF, 0x961F, 0x9E3F, 0xA65F, 0xAE7F, 0xB6BF, 0xBEFF, 0xD77F, 0xEF7F,
    0xBE3D, 0xCE7D, 0xCE9C, 0xCE7B, 0xD69B, 0xD69B, 0xDEBB, 0xDEBB, 0xDEBB, 0xDEBB, 0xE6FB, 0xEF1C, 0xEF3C, 0xEF1C, 0xE71B, 0xE6FB,
    0xE6FB, 0xEF1B, 0xEF1B, 0xEF3B, 0xEF3B, 0xEF3B, 0xEF3C, 0xEF3C, 0xEF3C, 0xEF3C, 0xEF3C, 0xEF3B, 0xEF1B, 0xEF1B, 0xEF1B, 0xEF1B,
    0xEEFB, 0xE6FB, 0xE6FB, 0xE6DB, 0xE6DB, 0xE6DA, 0xE6DA, 0xE6BA, 0xE6BA, 0xDEBA, 0xDEBA, 0xDEBA, 0xDE9A, 0xDE9A, 0xE6FB, 0xF7BE,
    0xFFDF, 0xFFDF, 0xFFDF, 0xFFDF, 0xFFFF, 0xFFFF, 0xFFFF, 0xD6BB, 0x5310, 0x00C8, 0x00C8, 0x00E9, 0x0109, 0x00E9, 0x00A9, 0x012C,
    0x5353, 0xA61B, 0xBF3F, 0x9E9D, 0x8E1C, 0x8E1C, 0x8E1C, 0x961C, 0xAEDE, 0xBF3F, 0xBF5F, 0xDFFF, 0x8472, 0x0000, 0x0000, 0x0000,
    0x0000, 0x0000, 0x0000, 0x0000, 0x0000, 0x0000, 0x10C5, 0x11F3, 0x84D9, 0xFFDF, 0xCEDF, 0xBE5F, 0x9DBF, 0x855E, 0x74DD, 0x64BD,
    0x7D9E, 0xB6DF, 0xDF9F, 0xEFDF, 0xF7FF, 0xE7DF, 0xE7BF, 0xE7DF, 0xEFFF, 0xD77F, 0x3CBE, 0x33FD, 0x441C, 0x441C, 0x4C3C, 0x4C5C,
    0x547C, 0x5C9C, 0x64BD, 0x6CFD, 0x6D1E, 0x7D5E, 0x7D9F, 0x85DF, 0x8DFF, 0x961F, 0x9E3F, 0xA65F, 0xAE9F, 0xBEDF, 0xCF5F, 0xEF9F,
    0xC65D, 0xC65C, 0xC63C, 0xCE7B, 0xD69B, 0xD69B, 0xD69B, 0xD69B, 0xDEBB, 0xDEDB, 0xE6FB, 0xE6FB, 0xE6DB, 0xE6DB, 0xE6FB, 0xE6FB,
    0xE6FB, 0xE6FB, 0xEF1B, 0xEF1B, 0xEF3B, 0xEF1B, 0xEF1B, 0xEF1B, 0xEF1B, 0xEF1B, 0xEF1B, 0xEF1B, 0xEF1B, 0xEF1B, 0xEEFB, 0xEEFB,
    0xE6FB, 0xE6FB, 0xE6FB, 0xE6DA, 0xE6DA, 0xE6DA, 0xE6BA, 0xE6BA, 0xE6BA, 0xDEBA, 0xDEBA, 0xDEBA, 0xDEBA, 0xE6FB, 0xF7BE, 0xFFDF,
    0xF7BE, 0xF7BE, 0xFFDF, 0xFFDF, 0xF7BF, 0xC65B, 0x5310, 0x00A8, 0x0006, 0x00E8, 0x0109, 0x00E9, 0x00A9, 0x094C, 0x5373, 0xA5FB,
    0xBEFE, 0x967D, 0x7DDC, 0x85DC, 0x85DB, 0x85DB, 0x85FB, 0x8DFC, 0x9E5D, 0xB71F, 0xBF5F, 0xDFFF, 0x8C92, 0x0000, 0x0000, 0x0000,
    0x0000, 0x0000, 0x0000, 0x0000, 0x0000, 0x0000, 0x08C5, 0x1A53, 0x2253, 0xDF3E, 0xEF5F, 0xBE5F, 0xADFF, 0x957E, 0x7CDD, 0x649D,
    0x545D, 0x64FE, 0xB6DF, 0xFFFF, 0xEFDF, 0xE7BF, 0xE7BF, 0xE7DF, 0xE7BF, 0xF7FF, 0xAEDF, 0x2C5E, 0x33FD, 0x43FC, 0x43FB, 0x441C,
    0x4C3C, 0x5C7C, 0x5C9C, 0x64BD, 0x6CFD, 0x753E, 0x7D7E, 0x859F, 0x85DF, 0x8DFF, 0x961F, 0x9E5F, 0xAE7F, 0xB6BF, 0xCF3F, 0xEF9F,
    0xBE3D, 0xBE1C, 0xC63C, 0xCE5B, 0xCE7B, 0xD67B, 0xD67B, 0xD69B, 0xDEBB, 0xDEBB, 0xDEBB, 0xDEBB, 0xDEDB, 0xDEDB, 0xE6DB, 0xE6FB,
    0xE6FB, 0xE6FB, 0xE6FB, 0xE6FB, 0xE6FB, 0xEEFB, 0xEF1B, 0xEF1B, 0xEEFB, 0xEEFB, 0xEF1B, 0xEEFB, 0xEEFB, 0xEEFB, 0xE6FB, 0xE6FB,
    0xE6FB, 0xE6FB, 0xE6DB, 0xE6DA, 0xE6BA, 0xE6BA, 0xE6BA, 0xE6BA, 0xE6BA, 0xE6BA, 0xDEBA, 0xDEBA, 0xE71B, 0xF7BE, 0xFFDF, 0xFFDF,
    0xFFDF, 0xF7BE, 0xF7BE, 0xF7BE, 0xFFDF, 0xEF7E, 0xBE1A, 0x94F6, 0x7433, 0x19AC, 0x0089, 0x118D, 0x63D4, 0xAE3B, 0xBF1F, 0x965D,
    0x7DBC, 0x7DBB, 0x759B, 0x759B, 0x759B, 0x7D9B, 0x7DBB, 0x85FC, 0x8DFC, 0xAEDE, 0xBF5F, 0xDFFF, 0x8472, 0x0000, 0x0000, 0x0000,
    0x0000, 0x0000, 0x0000, 0x0000, 0x0000, 0x0000, 0x08C5, 0x2273, 0x11F1, 0x74FD, 0xEF7F, 0xD69F, 0xBE1F, 0x9D9F, 0x84FE, 0x6C9D,
    0x5C3C, 0x4BFC, 0x3BFD, 0x85DF, 0xF7FF, 0xEFDF, 0xE7BF, 0xE7BF, 0xE7BF, 0xE7BF, 0xF7FF, 0xA6BF, 0x347E, 0x33FD, 0x3BFC, 0x441C,
    0x4C1C, 0x543C, 0x5C5C, 0x5C9D, 0x64DD, 0x6CFE, 0x753E, 0x7D7F, 0x85BF, 0x8DFF, 0x961F, 0x9E3F, 0xAE7F, 0xB69F, 0xC71F, 0xE79F,
    0xBE1D, 0xBDFC, 0xC63C, 0xC63B, 0xCE5B, 0xCE7B, 0xD67B, 0xD69B, 0xD69B, 0xDE9B, 0xDEBB, 0xDEDB, 0xDEDB, 0xDEDB, 0xE6DB, 0xE6DB,
    0xE6DB, 0xE6DB, 0xE6FB, 0xE6FB, 0xE6FB, 0xE6FB, 0xE6FB, 0xEF1B, 0xEF3B, 0xEF1B, 0xE6FB, 0xE6FB, 0xE6FB, 0xE6FB, 0xE6FB, 0xE6DA,
    0xE6DA, 0xE6DA, 0xE6BA, 0xE6BA, 0xE6BA, 0xE6BA, 0xE6BA, 0xE6BA, 0xE6DA, 0xE6DA, 0xE6DB, 0xEF3C, 0xF79D, 0xF7BE, 0xF7BE, 0xF7BE,
    0xFFDE, 0xFFDF, 0xF7BE, 0xF7BE, 0xF7BE, 0xFFDF, 0xFFFF, 0xE77E, 0x7435, 0x3270, 0x7455, 0xAE7D, 0xB71F, 0x8E5D, 0x75BC, 0x759B,
    0x6D7B, 0x755B, 0x6D5A, 0x6D3A, 0x6D3A, 0x755A, 0x757B, 0x7DBB, 0x85FC, 0xA67D, 0xBF5F, 0xDFFF, 0x8472, 0x0000, 0x0000, 0x0000,
    0x0000, 0x0000, 0x0000, 0x0000, 0x0000, 0x0000, 0x08C6, 0x1A32, 0x2231, 0x4C3D, 0x8D5D, 0xF77F, 0xC65F, 0xA5BF, 0x8D3F, 0x749D,
    0x645C, 0x5C1C, 0x4BFC, 0x33FD, 0x85DF, 0xF7FF, 0xE7DF, 0xE7BF, 0xE7BF, 0xE7BF, 0xE7DF, 0xF7FF, 0xC75F, 0x659F, 0x345E, 0x3C1D,
    0x441C, 0x4C1C, 0x545C, 0x5C7D, 0x64BD, 0x6CDD, 0x6D1E, 0x7D5E, 0x85BF, 0x8DFF, 0x961F, 0x9E3F, 0xA67F, 0xAE9F, 0xC6FF, 0xE79F,
    0xB61D, 0xB5FC, 0xBE1B, 0xC63B, 0xC65B, 0xCE5B, 0xD67B, 0xD69B, 0xD69B, 0xD69B, 0xDEBB, 0xDEBB, 0xDEBB, 0xDEBB, 0xE6DB, 0xE6DB,
    0xE6FB, 0xE6FB, 0xE6DB, 0xE6FB, 0xE6FB, 0xEF1B, 0xEF5C, 0xF77C, 0xEF5C, 0xEF1B, 0xEF1B, 0xEF3B, 0xEF1B, 0xEF1B, 0xE6FB, 0xE6DB,
    0xE6DA, 0xE6DA, 0xE6DB, 0xE6DA, 0xE6BA, 0xE6BA, 0xE6BA, 0xE6DA, 0xE6DB, 0xE6FB, 0xEF3C, 0xF77D, 0xF79D, 0xF7BE, 0xF7BE, 0xF7BE,
    0xF7BE, 0xF7BE, 0xF7BE, 0xF7BE, 0xF79E, 0xEF9E, 0xE77E, 0xBE5C, 0xBE5B, 0xC71E, 0xB71F, 0x8E5E, 0x75BC, 0x759C, 0x6D7B, 0x6D3B,
    0x651A, 0x651A, 0x64FA, 0x64FA, 0x64FA, 0x6D1A, 0x6D5A, 0x7D9B, 0x85DB, 0x963C, 0xBF3E, 0xE7FF, 0x8C92, 0x0000, 0x0000, 0x0000,
    0x0000, 0x0000, 0x0000, 0x0000, 0x0000, 0x0000, 0x08C6, 0x1A32, 0x2A92, 0x64BE, 0x335B, 0xA5BD, 0xE71F, 0xB5DF, 0x9D5F, 0x84DE,
    0x749D, 0x643C, 0x53FC, 0x4BDC, 0x33DD, 0xA69F, 0xFFFF, 0xE7DF, 0xE7BF, 0xE7DF, 0xEFFF, 0xF7FF, 0xFFFF, 0xE7BF, 0x9E7F, 0x5CDE,
    0x3BFC, 0x4C1C, 0x4C3C, 0x545C, 0x5C9D, 0x64BD, 0x6D1E, 0x755F, 0x859F, 0x8DDF, 0x95FF, 0x9E1F, 0xA65F, 0xAE9F, 0xC6FF, 0xE79F,
    0xB61D, 0xB5FC, 0xBDFB, 0xBE1B, 0xC63B, 0xCE5B, 0xCE7B, 0xD67B, 0xD69B, 0xD69B, 0xDEBB, 0xDEBB, 0xDEBA, 0xE6DB, 0xE71C, 0xE6FB,
    0xE6FB, 0xE6DB, 0xE6FB, 0xEF3C, 0xF77D, 0xF7BE, 0xFFBE, 0xF79D, 0xF79D, 0xFFBE, 0xFFDE, 0xFFDE, 0xFFDF, 0xFFDF, 0xFFBE, 0xF7BE,
    0xF77D, 0xEF5C, 0xEEFB, 0xE6DA, 0xDEBA, 0xE6DA, 0xE6DA, 0xE6DA, 0xE6FB, 0xEF1C, 0xEF3C, 0xEF5D, 0xF79E, 0xF7BE, 0xF79E, 0xF7BE,
    0xF7BE, 0xF7BE, 0xF79E, 0xEF7E, 0xF79E, 0xEF9E, 0xEF9F, 0xF7FF, 0xDFBF, 0xB6FF, 0x8E3E, 0x7DDD, 0x759C, 0x6D5B, 0x651B, 0x64DA,
    0x5CDA, 0x5CBA, 0x5CB9, 0x4C79, 0x5CB9, 0x64DA, 0x6D1A, 0x755A, 0x7DBB, 0x8E1C, 0xB6FE, 0xE7FF, 0x8C92, 0x0000, 0x0000, 0x0000,
    0x0000, 0x0000, 0x0000, 0x0000, 0x0000, 0x0000, 0x08C5, 0x1A32, 0x2AB3, 0x5CBF, 0x43BB, 0x547C, 0xAE5F, 0xDEDF, 0xADBF, 0x953F,
    0x7CBE, 0x6C7D, 0x5C1C, 0x4BDC, 0x43DD, 0x449E, 0xDF9F, 0xEFFF, 0xE7BF, 0xF7FF, 0xE7BF, 0x8E3F, 0x551E, 0x44BE, 0x54BE, 0x4C5D,
    0x43FC, 0x43FC, 0x4C1C, 0x543C, 0x5C7D, 0x64DE, 0x6D1E, 0x755F, 0x7D9F, 0x85BF, 0x8DDF, 0x961F, 0xA63F, 0xAE7F, 0xC6FF, 0xE79F,
    0xB5FD, 0xADDC, 0xB5FB, 0xBE1B, 0xC63B, 0xC65B, 0xCE5B, 0xCE7B, 0xD67B, 0xD69B, 0xD69B, 0xDEBB, 0xDEDB, 0xE71C, 0xE6FB, 0xE6DB,
    0xE6FB, 0xEF3C, 0xF77D, 0xF79D, 0xF79D, 0xF79D, 0xF79D, 0xF79D, 0xF79E, 0xF7BE, 0xF7BE, 0xF7BE, 0xFFDE, 0xFFDE, 0xFFDF, 0xFFDF,
    0xFFFF, 0xFFDF, 0xF7BE, 0xEF5C, 0xE6DA, 0xDEBA, 0xE6DA, 0xE6DB, 0xE6FB, 0xEF3C, 0xEF3C, 0xF77D, 0xF79D, 0xF79E, 0xF79E, 0xF79E,
    0xF79E, 0xF79E, 0xF7BF, 0xFFDF, 0xFFDF, 0xFFDF, 0xF7DF, 0xCF7F, 0xC75F, 0xC73F, 0xB6FF, 0x861D, 0x6D7C, 0x651B, 0x5CDA, 0x549A,
    0x5479, 0x5479, 0x64DA, 0xA63D, 0x64DA, 0x5C99, 0x64D9, 0x6D1A, 0x7D9B, 0x8DFC, 0xB6DE, 0xE7FF, 0x8C92, 0x0000, 0x0000, 0x0000,
    0x0000, 0x0000, 0x0000, 0x0000, 0x0000, 0x0000, 0x08C5, 0x1A32, 0x2AB3, 0x64FF, 0x85BF, 0x655E, 0x4C7D, 0xB65E, 0xDEBF, 0xA57F,
    0x8CFF, 0x749E, 0x643D, 0x5C1C, 0x4BFC, 0x33FE, 0x963F, 0xFFFF, 0xF7FF, 0xD77F, 0x4CDE, 0x2BBD, 0x33DD, 0x3BDC, 0x3BDC, 0x3BDC,
    0x43FC, 0x43FC, 0x4BFC, 0x4C3C, 0x5C9D, 0x64DE, 0x6CFE, 0x753E, 0x7D7F, 0x859F, 0x8DBF, 0x95FF, 0x9E3F, 0xAE7F, 0xC6FF, 0xE77F,
    0xADFD, 0xADDC, 0xB5FB, 0xBE1B, 0xBE3B, 0xC63B, 0xCE5B, 0xCE7B, 0xCE7B, 0xD69B, 0xD6BB, 0xDEFC, 0xE6FC, 0xDEFB, 0xDEDB, 0xE71C,
    0xEF7D, 0xF77D, 0xF77D, 0xF79D, 0xF77D, 0xF77D, 0xF79D, 0xF79D, 0xF79E, 0xF79E, 0xF7BE, 0xF7BE, 0xF7BE, 0xFFBE, 0xFFDE, 0xFFDE,
    0xFFDE, 0xFFDE, 0xFFFF, 0xFFFF, 0xFFDF, 0xEF5C, 0xE6DB, 0xE6DA, 0xE71B, 0xEF3C, 0xEF5D, 0xF77D, 0xF77D, 0xF79D, 0xF79E, 0xEF7E,
    0xF7BE, 0xFFDF, 0xFFDF, 0xFFDE, 0xF7BE, 0xFFDF, 0xDFBF, 0xC75F, 0xBF1E, 0xB6DE, 0xAEBE, 0xA69E, 0x759C, 0x5CDA, 0x54BA, 0x549A,
    0x547A, 0x4418, 0x7D5B, 0xFFFF, 0x859C, 0x4C59, 0x6D1A, 0x755B, 0x755A, 0x8DFC, 0xAEBE, 0xE7FF, 0x8C92, 0x0000, 0x0000, 0x0000,
    0x0000, 0x0000, 0x0000, 0x0000, 0x0000, 0x0000, 0x08C5, 0x1A32, 0x2AF4, 0xAE9F, 0x9E7F, 0x5CFE, 0x5CBD, 0x543D, 0xAE1F, 0xD6DF,
    0x9D5F, 0x84DF, 0x747D, 0x641D, 0x53FC, 0x43FD, 0x5D3F, 0xF7FF, 0xEFDF, 0x54FE, 0x2BBD, 0x3BDC, 0x3BDC, 0x3BDC, 0x43DC, 0x43DC,
    0x43FC, 0x43FC, 0x4BFC, 0x545D, 0x5C9E, 0x64BE, 0x6CFE, 0x751E, 0x7D5F, 0x859F, 0x8DBF, 0x95FF, 0x9E1F, 0xAE7F, 0xC6FF, 0xE77F,
    0xADDD, 0xADBC, 0xB5DB, 0xB5FB, 0xBE1B, 0xC63B, 0xCE5B, 0xCE7B, 0xCE7B, 0xD69B, 0xDEDC, 0xDEDC, 0xDEDB, 0xDEDB, 0xE71C, 0xEF5D,
    0xEF7D, 0xEF5D, 0xEF5D, 0xEF5D, 0xF77D, 0xF77D, 0xF79D, 0xF79D, 0xF79E, 0xF79E, 0xF7BE, 0xF7BE, 0xF7BE, 0xF7BE, 0xF7BE, 0xFFBE,
    0xFFBE, 0xFFBE, 0xFFDE, 0xFFDE, 0xFFDF, 0xFFFF, 0xF7BE, 0xEF3C, 0xE71B, 0xEF3C, 0xEF5D, 0xEF5D, 0xEF5D, 0xEF5D, 0xF79E, 0xFFDF,
    0xFFDF, 0xFFDE, 0xF7BE, 0xF79E, 0xF79E, 0xF7BF, 0xD77F, 0xBF1F, 0xB6DE, 0x9E7E, 0x8E1D, 0x963E, 0x8E1D, 0x5CDA, 0x4C7A, 0xAE7D,
    0xCF3E, 0x4419, 0x6CFB, 0xEFFF, 0x859B, 0x4419, 0xCF3E, 0xCF3E, 0x6D3B, 0x8DDC, 0xAE9D, 0xDFFF, 0x8C92, 0x0000, 0x0000, 0x0000,
    0x0000, 0x0000, 0x0000, 0x0000, 0x0000, 0x0000, 0x08C6, 0x1A53, 0x3B35, 0xDF9F, 0x863F, 0x6D5F, 0x6D1E, 0x5CBE, 0x43DA, 0x7456,
    0xD69F, 0xA59F, 0x7CDF, 0x6C5D, 0x5C1D, 0x541D, 0x447F, 0xDF9F, 0xA6BF, 0x2BFE, 0x3BDD, 0x3BDC, 0x43DC, 0x43DC, 0x43DB, 0x43DC,
    0x43FC, 0x43FC, 0x543D, 0x5C7D, 0x5C9E, 0x64BE, 0x6CFE, 0x751E, 0x7D3F, 0x857F, 0x85BF, 0x8DDF, 0x9E1F, 0xAE5F, 0xC6FF, 0xE77F,
    0xADBD, 0xA5BC, 0xADDC, 0xB5FB, 0xBE1B, 0xC63B, 0xC65B, 0xC65B, 0xCE7B, 0xD69B, 0xD6BB, 0xD6BC, 0xDEBC, 0xE71C, 0xE73D, 0xE73D,
    0xE73D, 0xE73C, 0xEF5D, 0xEF7D, 0xEF7D, 0xEF7D, 0xF77D, 0xF77D, 0xF79D, 0xF79D, 0xF79E, 0xF79E, 0xF7BE, 0xF7BE, 0xF7BE, 0xF7BE,
    0xF7BE, 0xF7BE, 0xF7BE, 0xF7BE, 0xFFDE, 0xF7BE, 0xFFBE, 0xFFBE, 0xEF7D, 0xEF1C, 0xEF3C, 0xEF3C, 0xEF3D, 0xF7BE, 0xFFFF, 0xFFDE,
    0xF7BE, 0xF79E, 0xF79D, 0xEF7D, 0xE73D, 0xEF7E, 0xCF5F, 0xBEFF, 0xAEBE, 0x965E, 0x7DDD, 0x7DBD, 0x8E1E, 0x651B, 0x443A, 0xAE9E,
    0xFFFF, 0x7D9C, 0x547B, 0xEFFF, 0x753B, 0x6CFB, 0xF7FF, 0xAE9D, 0x64FA, 0x85DC, 0xA67D, 0xDFDF, 0x8C92, 0x0000, 0x0000, 0x0000,
    0x0000, 0x0000, 0x0000, 0x0000, 0x0000, 0x0000, 0x08C5, 0x1233, 0x63F5, 0xEFFF, 0x863F, 0x75BF, 0x6D5E, 0x2A92, 0x00EA, 0x0068,
    0x4AD0, 0xCE7E, 0xB5FF, 0x749E, 0x6C5E, 0x5C5E, 0x4C5F, 0xB6DF, 0x6D9F, 0x3BFE, 0x43BC, 0x43BC, 0x43DC, 0x43DC, 0x43DC, 0x43DC,
    0x4BDC, 0x541D, 0x5C5D, 0x5C7D, 0x649E, 0x64BE, 0x6CFF, 0x751F, 0x7D3F, 0x7D7F, 0x859F, 0x95DF, 0x9E1F, 0xAE5F, 0xC6FF, 0xE77F,
    0xA5BE, 0xA5BD, 0xADDC, 0xB5FC, 0xBE1C, 0xBE1B, 0xC63B, 0xC65B, 0xCE7B, 0xCE7C, 0xCE9C, 0xD6BC, 0xDEDC, 0xDEFC, 0xDEFC, 0xDEFC,
    0xE71C, 0xE73D, 0xEF5D, 0xEF7D, 0xEF7D, 0xEF7D, 0xF79E, 0xF79E, 0xF79D, 0xF79E, 0xF79E, 0xF79E, 0xF79E, 0xF79E, 0xF7BE, 0xF7BE,
    0xF7BE, 0xF7BE, 0xF7BE, 0xF7BE, 0xF7BE, 0xF7BE, 0xF79E, 0xF79D, 0xF79E, 0xEF7D, 0xE6FC, 0xE71C, 0xF7BF, 0xFFDF, 0xF7BE, 0xF79E,
    0xF79D, 0xF79D, 0xF79E, 0xF79E, 0xEF5E, 0xEF9E, 0xCF5F, 0xB71F, 0xAF1F, 0x9EBF, 0x85FE, 0x75BD, 0x85FD, 0x5CFB, 0x445A, 0x5CBB,
    0xE7BF, 0xCF5F, 0x549C, 0xE7BF, 0x6D3C, 0xAE9E, 0xE7DF, 0x64DA, 0x64FA, 0x85BC, 0xA67D, 0xDFDF, 0x8C92, 0x0000, 0x0000, 0x0000,
    0x0000, 0x0000, 0x0000, 0x0000, 0x0000, 0x0000, 0x08C5, 0x1213, 0x9538, 0xEFFF, 0x967F, 0x7E1E, 0x224F, 0x0088, 0x00E9, 0x00E9,
    0x0067, 0x21AC, 0x9D39, 0xADFF, 0x851F, 0x6CDF, 0x5CBF, 0x85FE, 0x5CFF, 0x4C1E, 0x4BDD, 0x43BC, 0x43DC, 0x4BDC, 0x4BFC, 0x4BDC,
    0x541D, 0x5C3D, 0x5C5D, 0x647E, 0x649E, 0x6CBE, 0x74FF, 0x751F, 0x7D3F, 0x7D5F, 0x8D9F, 0x95FF, 0xA63F, 0xAE7F, 0xC6FF, 0xE77F,
    0xA5BE, 0x9D9D, 0xA5BC, 0xADDC, 0xB5FC, 0xB5FC, 0xBE1C, 0xBE3B, 0xC65C, 0xC65C, 0xC67C, 0xCE9C, 0xD6BC, 0xD6BC, 0xD6DC, 0xDEFC,
    0xDF1D, 0xE73D, 0xE73D, 0xEF5D, 0xEF5D, 0xEF5D, 0xEF5D, 0xEF7D, 0xEF7D, 0xEF7E, 0xF79E, 0xF79E, 0xF79E, 0xF79E, 0xF79E, 0xF79E,
    0xF79E, 0xF79E, 0xF79E, 0xF79E, 0xF79E, 0xF79E, 0xF79E, 0xF77D, 0xEF5D, 0xEF5D, 0xEF3D, 0xF7DF, 0xFFDF, 0xF79E, 0xF79E, 0xF79D,
    0xF79D, 0xF79E, 0xF79E, 0xF79E, 0xEF7E, 0xEFBF, 0xD79F, 0xBF7F, 0xCFBF, 0xBF9F, 0x9EFF, 0x861E, 0x85DE, 0x5CFC, 0x4C7B, 0x33D9,
    0x7D9C, 0xF7FF, 0x8DFD, 0xC73E, 0x85BE, 0xE7DF, 0x95DC, 0x4419, 0x6D1B, 0x859C, 0x9E5D, 0xDFDF, 0x8C71, 0x0000, 0x0000, 0x0000,
    0x0000, 0x0000, 0x0000, 0x0000, 0x0000, 0x0000, 0x08C5, 0x1A33, 0xA5DA, 0xF7FF, 0xBF7F, 0x43D5, 0x00AA, 0x010A, 0x010A, 0x00E9,
    0x00A8, 0x0026, 0x19AC, 0xC67C, 0xCEFF, 0x8D9F, 0x7D5F, 0x7D7E, 0x64DF, 0x647E, 0x5C3E, 0x541D, 0x53FD, 0x4BDC, 0x53FD, 0x541D,
    0x5C3D, 0x5C5E, 0x645E, 0x647E, 0x649E, 0x6CBF, 0x6CDF, 0x751F, 0x7D5F, 0x857F, 0x8DBF, 0x95FF, 0xA63F, 0xAE7F, 0xC6DF, 0xE77F,
    0xADFF, 0xA5FE, 0xADDD, 0xAE1D, 0xADFD, 0xADDC, 0xB5FC, 0xB61C, 0xBE3C, 0xBE3C, 0xC65C, 0xC67C, 0xC67C, 0xCE9C, 0xCEBC, 0xD6DD,
    0xDEFD, 0xDF1D, 0xDF1D, 0xDF1D, 0xDF1D, 0xDF1D, 0xE71D, 0xE73D, 0xE73D, 0xE73D, 0xEF5D, 0xEF5D, 0xEF7E, 0xEF7E, 0xEF7E, 0xEF7E,
    0xF79E, 0xF79E, 0xF79E, 0xF79E, 0xEF7D, 0xEF7D, 0xF77D, 0xEF7D, 0xE73C, 0xEF3D, 0xFFDF, 0xFFDF, 0xF79E, 0xF79D, 0xF77D, 0xF77D,
    0xF77D, 0xEF7D, 0xEF5D, 0xE73D, 0xD6DD, 0xE75E, 0xCF5F, 0xB71F, 0xE79F, 0xFFFF, 0xC7BF, 0x9EFF, 0x75BE, 0xB6BE, 0xC71E, 0x755C,
    0x33FB, 0xB6BE, 0xCF7F, 0xC71E, 0xCF5F, 0xC71E, 0x4C5B, 0x95FD, 0xE7BF, 0xAE7E, 0x961D, 0xDFDF, 0x8451, 0x0000, 0x0000, 0x0000,
    0x0000, 0x0000, 0x0000, 0x0000, 0x0000, 0x0000, 0x08C5, 0x1A33, 0xA5DA, 0xD7FF, 0xCF7F, 0x1A0F, 0x00EB, 0x010A, 0x010A, 0x00E9,
    0x1129, 0x5B51, 0xB5FB, 0x955D, 0xB61E, 0xDF3F, 0xB67F, 0x8D9F, 0x7D3F, 0x74FF, 0x6CBF, 0x6C7E, 0x647E, 0x5C3E, 0x5C3E, 0x5C5E,
    0x645E, 0x647E, 0x647E, 0x6C9E, 0x6C9E, 0x6CBF, 0x74FF, 0x7D3F, 0x855F, 0x8D9F, 0x95BF, 0x9DFF, 0xA63F, 0xAE5F, 0xC6DF, 0xE75F,
    0x9DBE, 0x9DBE, 0xADFE, 0xB65E, 0xC69E, 0xC69D, 0xBE5D, 0xB61C, 0xADFC, 0xB5FC, 0xB61C, 0xBE3C, 0xBE5C, 0xC67C, 0xC69C, 0xC69C,
    0xCEBD, 0xCEBC, 0xCEBC, 0xCEBC, 0xD6DD, 0xD6DD, 0xD6FD, 0xDEFD, 0xDF1D, 0xDF1D, 0xE71D, 0xE73D, 0xE73D, 0xEF5E, 0xEF5D, 0xEF5D,
    0xEF7E, 0xEF7E, 0xEF7D, 0xEF7E, 0xEF7D, 0xEF3D, 0xEF5D, 0xEF5D, 0xEF5D, 0xF7BF, 0xFFDF, 0xF79E, 0xF79D, 0xEF7D, 0xEF7D, 0xEF5D,
    0xEF5D, 0xEF3D, 0xE6FC, 0xD69B, 0xB5DA, 0xCEBD, 0xBEFF, 0x9E7E, 0xBF1F, 0xFFFF, 0xEFDF, 0x9F3F, 0x6D9E, 0xBEFF, 0xFFFF, 0xF7FF,
    0xCF3F, 0x95FE, 0xDFBF, 0xE7DF, 0xE7DF, 0xAE7E, 0xD77F, 0xFFFF, 0xDF9F, 0x961D, 0x961D, 0xDFBF, 0x7BEF, 0x0000, 0x0000, 0x0000,
    0x0000, 0x0000, 0x0000, 0x0000, 0x0000, 0x0000, 0x08C5, 0x11F2, 0x8D38, 0xD7FF, 0xDFFF, 0x7476, 0x00AA, 0x012B, 0x010A, 0x00E9,
    0x094B, 0x094A, 0x2A50, 0x84DA, 0xB63E, 0xC69F, 0xCEDF, 0xD6FF, 0xAE3F, 0x957F, 0x8D3F, 0x851F, 0x7CDF, 0x74DF, 0x74BF, 0x6C9F,
    0x6C7E, 0x6C7F, 0x6C9F, 0x6C9E, 0x74BF, 0x74DF, 0x7D1F, 0x853F, 0x857F, 0x8D9F, 0x95BF, 0x9DFF, 0xA63F, 0xAE5F, 0xC6FF, 0xE75F,
    0x9D7E, 0x959D, 0x9DBD, 0xA5DD, 0xAE1D, 0xB65D, 0xC6BD, 0xC6DD, 0xCEDD, 0xCEBD, 0xC67D, 0xBE3D, 0xB63D, 0xB63D, 0xB61C, 0xB61C,
    0xB63C, 0xBE5C, 0xBE7C, 0xC67C, 0xC69C, 0xC69C, 0xCEBD, 0xCEBD, 0xD6DD, 0xD6DD, 0xD6FD, 0xD6FD, 0xDF1D, 0xDF1D, 0xE73D, 0xE71D,
    0xE73D, 0xE73D, 0xE73D, 0xEF5E, 0xEF5D, 0xE73D, 0xE73D, 0xE73D, 0xF7BE, 0xFFDF, 0xF79E, 0xEF7D, 0xEF5D, 0xEF5D, 0xEF5D, 0xEF5D,
    0xEF3D, 0xE73D, 0xE71C, 0xCE9B, 0x8CB7, 0xBE3B, 0xB6DF, 0x8DFD, 0xAEDE, 0xFFFF, 0xEFFF, 0x9F3F, 0x6D9E, 0x5CFC, 0x755C, 0x8DDD,
    0xBEFE, 0xDF9F, 0xE7DF, 0xE7DF, 0xE7DF, 0xDF9F, 0xA67E, 0x753B, 0x64DA, 0x755B, 0x9E3D, 0xD7BF, 0x634D, 0x0000, 0x0000, 0x0000,
    0x0000, 0x0000, 0x0000, 0x0000, 0x0000, 0x0000, 0x08C5, 0x11F2, 0x63F5, 0xE7FF, 0xC7BF, 0xD7DF, 0x4B11, 0x0089, 0x012A, 0x00E9,
    0x0088, 0x4B11, 0xBE5C, 0xDF3F, 0xCEBE, 0xBE3E, 0xB5FE, 0xBE5E, 0xD6FF, 0xD6DF, 0xB61F, 0x9D9F, 0x955F, 0x8D3F, 0x851F, 0x851F,
    0x851F, 0x74DF, 0x749F, 0x74BF, 0x74DF, 0x7CFF, 0x851F, 0x8D5F, 0x8D7F, 0x8D9F, 0x95DF, 0x9DFF, 0xAE3F, 0xB67F, 0xCEFF, 0xE75F,
    0x955E, 0x957D, 0x959D, 0x9DBC, 0x9DDC, 0x9DDC, 0x9DDC, 0xA61C, 0xAE3C, 0xAE7C, 0xBEBD, 0xCEFE, 0xCEFE, 0xCEDD, 0xC69D, 0xBE7D,
    0xBE5D, 0xB63C, 0xB61C, 0xB63C, 0xB63C, 0xB63C, 0xBE5D, 0xBE7D, 0xC69D, 0xC69D, 0xC69D, 0xCE9D, 0xCEDD, 0xD6DD, 0xD6FD, 0xD6FD,
    0xD6FD, 0xDEFD, 0xDF1D, 0xE73D, 0xE73D, 0xDF1D, 0xDF1D, 0xEF7E, 0xFFBF, 0xF79E, 0xEF7D, 0xEF5D, 0xEF3D, 0xEF3D, 0xE73C, 0xE71C,
    0xDEFC, 0xDEDC, 0xD6BB, 0xCE9B, 0x9539, 0xB61B, 0xAEBE, 0x7DBD, 0xB6DE, 0xFFFF, 0xCFDF, 0x96FF, 0x6D7D, 0x4C7B, 0x33FA, 0x3BFB,
    0x6D3D, 0xD75F, 0xE7FF, 0xDFDF, 0xE7DF, 0xDFBF, 0x961D, 0x64DB, 0x5C9A, 0x755B, 0x963E, 0xD77F, 0x4228, 0x0000, 0x0000, 0x0000,
    0x0000, 0x0000, 0x0000, 0x0000, 0x0000, 0x0000, 0x08C5, 0x1A53, 0x2210, 0xD75E, 0xC7DF, 0xB7DF, 0xC77E, 0x42D0, 0x0089, 0x092B,
    0x9517, 0xEF9F, 0xDF3F, 0xCEBE, 0xC67D, 0xBE3D, 0xBE3D, 0xB5FD, 0xADDD, 0xBE5E, 0xDEFF, 0xD6BF, 0xBE1F, 0xA5BF, 0x9D9F, 0x955F,
    0x953F, 0x8D3F, 0x853F, 0x853F, 0x851F, 0x851F, 0x853F, 0x8D5F, 0x8D7F, 0x95BF, 0x9DDF, 0xA61F, 0xAE3F, 0xB67F, 0xCEFF, 0xDF5F,
    0x8D5E, 0x8D5D, 0x957D, 0x959C, 0x959C, 0x95BC, 0x95DC, 0x9DFC, 0x95FC, 0x95FC, 0x95FC, 0x961C, 0x9E3C, 0xA65C, 0xAE9D, 0xB6BD,
    0xBEBD, 0xBEDD, 0xC6DD, 0xC6DD, 0xC6DD, 0xCEDD, 0xCEDD, 0xCEDD, 0xCEBD, 0xC69D, 0xCEBD, 0xCEBD, 0xCEBD, 0xCEBD, 0xCEBD, 0xCEDD,
    0xCEBD, 0xD6DD, 0xD6FD, 0xD6FD, 0xDF1D, 0xDEFD, 0xE75E, 0xF7BF, 0xEF7E, 0xEF7E, 0xEF5D, 0xE73D, 0xE73D, 0xE71C, 0xE6FC, 0xDEBB,
    0xCE7B, 0xC65A, 0xBDF9, 0xA558, 0x9D59, 0xC6DD, 0xAE9E, 0x965E, 0xC77F, 0xCFDF, 0xA75F, 0x7E1F, 0x653D, 0x6D3C, 0x9E5E, 0xDFBF,
    0xEFFF, 0xB6DE, 0xDFBF, 0xEFFF, 0xDFBF, 0xA67E, 0xE7FF, 0xF7FF, 0xCF3E, 0x7D7C, 0x963F, 0xC6DD, 0x10A2, 0x0000, 0x0000, 0x0000,
    0x0000, 0x0000, 0x0000, 0x0000, 0x0000, 0x0000, 0x08C6, 0x2273, 0x010D, 0x7C76, 0xE7FF, 0xB77F, 0xBFDF, 0xCF7F, 0x5373, 0xA59A,
    0xF7BF, 0xDEFE, 0xD6BD, 0xCE9D, 0xC65D, 0xC67D, 0xC65D, 0xBE1C, 0xB5FC, 0xADDC, 0xA5BD, 0xBE3E, 0xD6DF, 0xD6BF, 0xC63F, 0xADBF,
    0x9D7F, 0x9D7F, 0x9D9F, 0x9D7F, 0x9D7F, 0x9D9F, 0x957F, 0x955F, 0x957F, 0x9DBF, 0x9DDF, 0xAE1F, 0xB65F, 0xBE9F, 0xD71F, 0xE75F,
    0x8D3E, 0x8D3D, 0x8D5C, 0x8D5C, 0x8D7C, 0x8D9B, 0x95BB, 0x8DBB, 0x8DBB, 0x8DDB, 0x85DB, 0x85DB, 0x8DFB, 0x8DFB, 0x85FB, 0x85DB,
    0x85DB, 0x85FC, 0x8E1C, 0x963C, 0x9E5C, 0xA69D, 0xAEBD, 0xB6BD, 0xBEDD, 0xBEDD, 0xC6FE, 0xCF1E, 0xCF3E, 0xD73E, 0xD73E, 0xD73E,
    0xD75E, 0xD75E, 0xD75E, 0xDF5E, 0xDF7E, 0xDF9F, 0xEFBF, 0xF7DF, 0xF79E, 0xE73D, 0xE73D, 0xE71D, 0xE71C, 0xDEFC, 0xDEDC, 0xD69B,
    0xC65A, 0xB5D9, 0x9CF6, 0x7C14, 0x7456, 0xCEDD, 0xC71F, 0xB71F, 0xAF7F, 0x9F1F, 0x8E5F, 0x6D7D, 0x54DC, 0xD77F, 0xFFFF, 0xB6DE,
    0x5CDC, 0xAE7E, 0xD79F, 0xC73E, 0xD77F, 0xA65E, 0x549C, 0xB6BE, 0xD75F, 0x757C, 0xAEDF, 0x9D35, 0x0000, 0x0000, 0x0000, 0x0000,
    0x0000, 0x0000, 0x0000, 0x0000, 0x0000, 0x0000, 0x08C5, 0x2253, 0x016D, 0x116E, 0xC6BC, 0xCFFF, 0xB77F, 0xBFBF, 0xF7FF, 0xF7BF,
    0xD6DE, 0xD6DD, 0xCE9D, 0xCE7D, 0xCE7D, 0xCE9D, 0xC65C, 0xC63C, 0xB5FC, 0xADDB, 0xA59B, 0x955C, 0x953C, 0xB5FD, 0xD6DF, 0xDEDF,
    0xCE5F, 0xB5DF, 0xADBF, 0xA59F, 0xA59F, 0xA5BF, 0xA5BF, 0xA5DF, 0xA5DF, 0xADFF, 0xAE1F, 0xB63F, 0xBE7F, 0xBE9F, 0xD71F, 0xE75F,
    0x8D1E, 0x8D3D, 0x8D3C, 0x853C, 0x855B, 0x855B, 0x855B, 0x855B, 0x859B, 0x859B, 0x7D7B, 0x7D9B, 0x7D9B, 0x7D9B, 0x7D9B, 0x757B,
    0x757B, 0x757B, 0x757B, 0x759C, 0x75BC, 0x7DBC, 0x7DDC, 0x85DC, 0x85FC, 0x8E1C, 0x8E1C, 0x963C, 0x965C, 0x9E7D, 0xA67D, 0xA69D,
    0xA6BD, 0xAEDD, 0xAEDD, 0xB6FE, 0xB71E, 0xBF3F, 0xC75F, 0xCF9F, 0xE7BF, 0xEF9E, 0xDF1D, 0xDEFD, 0xDEFC, 0xDEDC, 0xD6BC, 0xD69B,
    0xCE5B, 0xB5B9, 0x8434, 0x6BB3, 0x7436, 0xCEDD, 0xCF5F, 0xAEDF, 0x9E9F, 0x965F, 0x85DE, 0x6D5C, 0x54BB, 0x7D9D, 0x857C, 0x2B9A,
    0x6D3C, 0xF7FF, 0x8DDE, 0xBEFE, 0x95FE, 0xF7FF, 0x6D1C, 0x3BF9, 0x64DB, 0x757D, 0xC73F, 0x4208, 0x0000, 0x0000, 0x0000, 0x0000,
    0x0000, 0x0000, 0x0000, 0x0000, 0x0000, 0x0000, 0x08C5, 0x1A53, 0x098E, 0x010C, 0x3270, 0xD77F, 0xD7DF, 0xE7DF, 0xEFDF, 0xEFDF,
    0xE77F, 0xD6BE, 0xCE7D, 0xCE9D, 0xCE9D, 0xCE7C, 0xC65C, 0xBE1B, 0xB5DB, 0xADBB, 0xA59B, 0xA57B, 0xA57B, 0x9D5C, 0x9D5C, 0xADDD,
    0xCE9E, 0xDEFF, 0xD69F, 0xBDFF, 0xADBF, 0xADBF, 0xADBF, 0xADFF, 0xB61F, 0xB61F, 0xBE5F, 0xBE7F, 0xC69F, 0xC6BF, 0xDF3F, 0xE75F,
    0x8D3E, 0x851D, 0x84FC, 0x7CFB, 0x7CFB, 0x7CFA, 0x7D1A, 0x7D3B, 0x7D5A, 0x7D5A, 0x755A, 0x753A, 0x753A, 0x6D3A, 0x6D1A, 0x6D1A,
    0x651A, 0x5D1B, 0x6D5D, 0x85FD, 0x8DFD, 0x759D, 0x655C, 0x759C, 0x759B, 0x75BB, 0x7DDB, 0x85DC, 0x85FB, 0x8DFC, 0x963C, 0x965C,
    0x965C, 0x9E5D, 0x9E9D, 0xA69D, 0xAEBE, 0xAEFE, 0xB71F, 0xBF3F, 0xC77F, 0xE7BF, 0xE73E, 0xD6DD, 0xD6DC, 0xD6BC, 0xD69B, 0xD69B,
    0xCE5B, 0xBE1A, 0xA558, 0x94F8, 0xA5BA, 0xDF5E, 0xC73F, 0xA67E, 0x9E5E, 0x961E, 0x85DE, 0x6D3C, 0x5CBB, 0x4C3A, 0x33B9, 0x5CBB,
    0xEFFF, 0xAE9E, 0x5CBC, 0xDFBF, 0x549C, 0xCF5F, 0xD77F, 0x5C9B, 0x5CBB, 0x965F, 0x8CD4, 0x0000, 0x0000, 0x0000, 0x0000, 0x0000,
    0x0000, 0x0000, 0x0000, 0x0000, 0x0000, 0x0000, 0x08C6, 0x1A53, 0x098E, 0x016D, 0x1A12, 0x7CBA, 0xFFFF, 0xF7FF, 0xE7DF, 0xE7BF,
    0xE7DF, 0xE79F, 0xD6FE, 0xC67D, 0xC65C, 0xC65C, 0xBE1B, 0xBDFB, 0xB5FB, 0xB5DA, 0xADBA, 0xADBB, 0xADBB, 0xA57B, 0x9D5B, 0x8D1B,
    0x8CFC, 0x9D5D, 0xBE3E, 0xD6DF, 0xDEDF, 0xCE5F, 0xBE1F, 0xBDFF, 0xBE1F, 0xBE3F, 0xBE5F, 0xC67F, 0xCEBF, 0xCEDF, 0xE75F, 0xE75F,
    0x851E, 0x7CFD, 0x7CDB, 0x7CBB, 0x74DA, 0x74BA, 0x74FA, 0x74FA, 0x74FA, 0x751A, 0x6D1A, 0x6CFA, 0x64FA, 0x64DA, 0x5CBA, 0x5CDA,
    0x4C9B, 0x9E3E, 0xF7DF, 0xFFFF, 0xFFFF, 0xF7DF, 0xAE7E, 0x5D1C, 0x54FB, 0x5D1B, 0x655B, 0x757B, 0x7D9B, 0x7DBB, 0x85FC, 0x8E1C,
    0x8E1C, 0x8E1C, 0x963C, 0x9E7D, 0xA69E, 0xA6BE, 0xAEDE, 0xB71F, 0xBF3F, 0xD79F, 0xE77E, 0xD6DD, 0xD6BC, 0xD69B, 0xD69B, 0xCE7B,
    0xC65B, 0xC63A, 0xC63B, 0xC67C, 0xCEBD, 0xE77F, 0xC71F, 0xAE9E, 0x9E5E, 0x961E, 0x8DFD, 0x757D, 0x5CBB, 0x4C5A, 0x4C3A, 0xCF3F,
    0xF7FF, 0x547B, 0x64FB, 0xE7FF, 0x4C5B, 0x8DDD, 0xFFFF, 0x753C, 0x651D, 0xB69F, 0x2125, 0x0000, 0x0000, 0x0000, 0x0000, 0x0000,
    0x0000, 0x0000, 0x0000, 0x0000, 0x0000, 0x0000, 0x08C5, 0x2253, 0x016E, 0x2253, 0x53FA, 0xB63D, 0xF79F, 0xF7DF, 0xEFDF, 0xE7BF,
    0xDFBF, 0xDFBF, 0xDFBF, 0xD73E, 0xC65D, 0xBDFC, 0xBE1C, 0xBDFB, 0xB5FB, 0xB5DB, 0xB5DB, 0xB5DB, 0xAD9A, 0xA57A, 0x9D5A, 0x9D3A,
    0x953B, 0x8CFB, 0x8CFC, 0x953D, 0xADFE, 0xCE9E, 0xDF1F, 0xE71F, 0xDEDF, 0xCE9F, 0xCE7F, 0xCE9F, 0xCEBF, 0xD6FF, 0xF7BF, 0xDF3F,
    0x749D, 0x7CBC, 0x7CBB, 0x74BA, 0x749A, 0x6C9A, 0x74DA, 0x6CDA, 0x6CDA, 0x64DA, 0x64BA, 0x5C9A, 0x5C9A, 0x549A, 0x547A, 0x445B,
    0x9E3E, 0xFFFF, 0xC6FE, 0x759D, 0x757D, 0xAE9E, 0xFFFF, 0xB6BE, 0x95FE, 0x9E3D, 0x759C, 0x5D1B, 0x6D5B, 0x757B, 0x7D9B, 0x7DDB,
    0x85DC, 0x8E1C, 0x8E1C, 0x963D, 0x9E9E, 0xA6BE, 0xA6DE, 0xAEFE, 0xB71F, 0xC77F, 0xE79F, 0xCEBD, 0xCE9C, 0xCE9C, 0xCE7B, 0xCE5B,
    0xC65B, 0xC65B, 0xC65B, 0xC69C, 0xCEDD, 0xE77E, 0xC71F, 0xAE9E, 0xA65E, 0x9E3E, 0x95FD, 0x85BD, 0x6D1C, 0x547A, 0x4C5B, 0xB6BE,
    0x95FD, 0x2B79, 0x7D7C, 0xEFFF, 0x5CBB, 0x547B, 0x7D9D, 0x5CFD, 0xAE7E, 0x53B7, 0x0044, 0x0000, 0x0000, 0x0000, 0x0000, 0x0000,
    0x0000, 0x0000, 0x0000, 0x0000, 0x0000, 0x0000, 0x08C5, 0x2254, 0x1A12, 0x645B, 0xB63E, 0xF7BF, 0xDF3E, 0xE73E, 0xF7DF, 0xE7DF,
    0xDF9F, 0xD79F, 0xCF7F, 0xCF7F, 0xCF5F, 0xCEBE, 0xBDFC, 0xB5DC, 0xB5FB, 0xB5FB, 0xB5DB, 0xADBB, 0xAD9A, 0xA57A, 0x9D5A, 0x9D3A,
    0x953A, 0x9D5A, 0x9D5B, 0x953B, 0x8D1C, 0x84FC, 0x955D, 0xADFE, 0xD6DF, 0xE73F, 0xEF7F, 0xEF7F, 0xE75F, 0xEF9F, 0xFFFF, 0xADFE,
    0x6C5C, 0x749B, 0x749A, 0x6C9A, 0x6C7A, 0x6CBA, 0x6CBA, 0x64BA, 0x649A, 0x5C9A, 0x5C7A, 0x545A, 0x4C5A, 0x443A, 0x54BC, 0x7D9D,
    0xFFFF, 0xAE9E, 0x343B, 0x341B, 0x343C, 0x7D9E, 0xEFDF, 0xFFFF, 0xF7FF, 0xFFFF, 0xFFFF, 0xAE9E, 0x5D1C, 0x651B, 0x6D5B, 0x759B,
    0x7D9B, 0x85DC, 0x8E1C, 0x8E1D, 0x965D, 0x9E9E, 0xA6BE, 0xAEDE, 0xB6FF, 0xC75F, 0xE79F, 0xC69D, 0xC67C, 0xC67B, 0xCE7B, 0xC65B,
    0xC65B, 0xC65B, 0xC67C, 0xCEBD, 0xD6FD, 0xDF5E, 0xCF3F, 0xB69E, 0xA65E, 0x9E3E, 0x95FD, 0x8DDD, 0x859D, 0x6CFC, 0x545A, 0x441A,
    0x43FA, 0x3BD9, 0x7D7C, 0xD77F, 0x549C, 0x4C7B, 0x651D, 0xAE7E, 0x5394, 0x09B1, 0x08A5, 0x0000, 0x0000, 0x0000, 0x0000, 0x0000,
    0x0000, 0x0000, 0x0000, 0x0000, 0x0000, 0x0000, 0x10C6, 0x1A54, 0x53D9, 0xBE9F, 0xF79F, 0xE75E, 0xDF1E, 0xD6DE, 0xDEFE, 0xEFBF,
    0xE7DF, 0xD79F, 0xD77F, 0xCF5F, 0xBF3F, 0xC73F, 0xC6FE, 0xBE5D, 0xB5FC, 0xADDB, 0xADDB, 0xADBB, 0xA59A, 0xA59A, 0xA57A, 0x9D5A,
    0xA57A, 0xA59A, 0xA57B, 0x9D3B, 0x951B, 0x8CFB, 0x84FB, 0x7CBC, 0x84DD, 0x953D, 0xADFE, 0xCEBF, 0xE75F, 0xE75F, 0xB61E, 0x747D,
    0x747B, 0x747A, 0x6C7A, 0x647A, 0x647A, 0x649A, 0x649A, 0x647A, 0x5C79, 0x5459, 0x5459, 0x4C19, 0x443B, 0xA63E, 0xEFDF, 0xFFFF,
    0xEFDF, 0x54BC, 0x341B, 0x7D9D, 0xCF5F, 0xFFFF, 0xBEDE, 0x653D, 0x4C9C, 0x5CFC, 0xAE9E, 0xFFFF, 0xAE7E, 0x54BB, 0x651B, 0x6D5B,
    0x757B, 0x7D9B, 0x85FC, 0x8E1D, 0x8E1D, 0x967E, 0x9E9E, 0xA6BE, 0xAEDF, 0xBF3F, 0xE77F, 0xC67D, 0xC67C, 0xC65B, 0xC65B, 0xC65B,
    0xC65B, 0xC67B, 0xCE9C, 0xD6DD, 0xD6FD, 0xDF1E, 0xCF3F, 0xB6BE, 0xAE7E, 0xA65E, 0x9E1E, 0x95FD, 0x8DDD, 0x859D, 0x6CFC, 0x547B,
    0x4C5A, 0x4C3A, 0x4C5B, 0x549C, 0x4C7C, 0x757E, 0xA65E, 0x53B6, 0x012D, 0x1A12, 0x08A5, 0x0000, 0x0000, 0x0000, 0x0000, 0x0000,
    0x0000, 0x0000, 0x0000, 0x0000, 0x0000, 0x0000, 0x08A5, 0x32F6, 0xAE1E, 0xEF9F, 0xEF7E, 0xE73E, 0xDF1E, 0xD6FE, 0xCEBD, 0xD6DE,
    0xE77F, 0xE7DF, 0xD77F, 0xC75F, 0xBF3F, 0xB6FF, 0xAEFF, 0xB6FF, 0xBEBE, 0xB61D, 0xA5BC, 0xA59B, 0xA59B, 0xA57A, 0xA57A, 0xA57A,
    0xADBA, 0xA57A, 0x9D5A, 0x953A, 0x951A, 0x8CFA, 0x8CFB, 0x8D1B, 0x951B, 0x84FC, 0x7CBC, 0x749D, 0x7CDD, 0x7CBD, 0x6C5C, 0x747B,
    0x747A, 0x6C7A, 0x6C5A, 0x6479, 0x649A, 0x647A, 0x5C59, 0x5C59, 0x5439, 0x4C19, 0x4C19, 0x3BFA, 0xAE5E, 0xFFFF, 0x9E5E, 0xA67E,
    0xD75F, 0x2BFB, 0x9E3E, 0xFFFF, 0xB6DE, 0x5CDC, 0x2BFC, 0x6D3D, 0x5CFC, 0x2BFA, 0x2BFB, 0xAE9E, 0xFFFF, 0x651C, 0x54DA, 0x651B,
    0x6D3B, 0x757B, 0x7DDC, 0x85FD, 0x8E1D, 0x8E5D, 0x9E9E, 0x9E9E, 0xA6DE, 0xBF3F, 0xDF7F, 0xC67D, 0xBE5C, 0xC65B, 0xC65B, 0xC65B,
    0xC65B, 0xC67B, 0xCE9C, 0xD6FD, 0xCEBD, 0xD6FE, 0xCF5F, 0xBEBE, 0xAE9E, 0xA67E, 0x9E3E, 0x961E, 0x8DFD, 0x8DDD, 0x85DE, 0x6D3D,
    0x5C9B, 0x5C9B, 0x549B, 0x5CDD, 0x8E1F, 0x9DBC, 0x2A50, 0x1213, 0x09AF, 0x2232, 0x08A5, 0x0000, 0x0000, 0x0000, 0x0000, 0x0000,
    0x0000, 0x0000, 0x0000, 0x0000, 0x0000, 0x0000, 0x08A5, 0x74BC, 0xEF7F, 0xEF9F, 0xE75E, 0xDF1E, 0xDEFD, 0xD6DD, 0xD6BD, 0xCE9D,
    0xC67E, 0xDF3E, 0xE7BF, 0xCF7F, 0xBF1F, 0xB6FF, 0xAEDF, 0x9E9F, 0x9E7F, 0xAEBF, 0xB67E, 0xADFD, 0x9D7B, 0x9D7B, 0xA57A, 0xA59B,
    0xA57A, 0x9D5A, 0x9D3A, 0x951A, 0x951A, 0x8CFA, 0x8CFA, 0x953B, 0x953B, 0x8D1B, 0x84DB, 0x84DB, 0x7CBB, 0x749B, 0x747B, 0x747A,
    0x6C5A, 0x645A, 0x6439, 0x6479, 0x6479, 0x5C59, 0x5C39, 0x5419, 0x4C19, 0x43F9, 0x3BD9, 0x64DC, 0xFFFF, 0xA65E, 0x1B7B, 0x961E,
    0xCF5F, 0x2BDB, 0xB6DE, 0x755D, 0x239B, 0x5CDC, 0xB6BE, 0xDF7F, 0xF7FF, 0x9E3E, 0x3C1B, 0x5CFD, 0xFFFF, 0x7D7D, 0x4C9A, 0x64FA,
    0x651B, 0x6D5B, 0x7DBC, 0x7DFC, 0x861D, 0x8E3D, 0x967E, 0x9E9E, 0xA6BF, 0xB71F, 0xDF7F, 0xBE5D, 0xBE5C, 0xBE3B, 0xBE3B, 0xC63B,
    0xC65B, 0xC67C, 0xCE9C, 0xDEFD, 0xC65C, 0xD6FD, 0xD75F, 0xBEDE, 0xB69E, 0xAE9E, 0xA65E, 0x9E3E, 0x9E1E, 0x961E, 0x961E, 0x8DFE,
    0x755D, 0x64FC, 0x757E, 0xA67F, 0x84D8, 0x118F, 0x010C, 0x22B4, 0x11F1, 0x2233, 0x08A5, 0x0000, 0x0000, 0x0000, 0x0000, 0x0000,
    0x0000, 0x0000, 0x0000, 0x0000, 0x0000, 0x0000, 0x08C6, 0xAE1F, 0xF7BF, 0xEF5E, 0xE73E, 0xDEFE, 0xD6DD, 0xD6DD, 0xD6BD, 0xCEBD,
    0xC67D, 0xBE3D, 0xCEBE, 0xDF9F, 0xCF7F, 0xB6FF, 0xAEBF, 0x9E9F, 0x967F, 0x8E3F, 0x8E5F, 0x9E7F, 0xAE5E, 0xA5DC, 0x9D5C, 0x955B,
    0x9D5B, 0x953A, 0x953A, 0x951A, 0x951A, 0x8CFA, 0x951A, 0x9D5A, 0x953A, 0x8CDA, 0x84DA, 0x84BA, 0x7C9A, 0x747A, 0x747A, 0x6C5A,
    0x6C3A, 0x6439, 0x6459, 0x6459, 0x5C59, 0x5C39, 0x5419, 0x4BF8, 0x43F8, 0x43D8, 0x33B9, 0x8DDD, 0xFFFF, 0x549C, 0x235A, 0xA65E,
    0xCF3F, 0x2BBB, 0xAE9E, 0x961E, 0xB6DE, 0xEFFF, 0xAE9E, 0x239B, 0x755D, 0xF7DF, 0xD75F, 0x85DE, 0xEFFF, 0x757D, 0x445A, 0x5CBA,
    0x64FB, 0x6D3B, 0x759C, 0x7DDC, 0x85FD, 0x8E3D, 0x965E, 0x9E9E, 0xA6BF, 0xB71F, 0xDF5F, 0xBE3D, 0xB63C, 0xBE3B, 0xBE3B, 0xBE3B,
    0xC65B, 0xCE7C, 0xD6BD, 0xD6FD, 0xB5FB, 0xDF1D, 0xD77F, 0xC6FE, 0xBEDE, 0xB69E, 0xAE7E, 0xAE7E, 0xA65E, 0xA65E, 0x9E3E, 0xA65E,
    0x9E3E, 0x9E5E, 0xA5FC, 0x4B12, 0x00EC, 0x014D, 0x014D, 0x3356, 0x1A51, 0x2233, 0x08A5, 0x0000, 0x0000, 0x0000, 0x0000, 0x0000,
    0x0000, 0x0000, 0x0000, 0x0000, 0x0000, 0x0000, 0x1906, 0xDF1F, 0xF79F, 0xE73E, 0xDEFE, 0xD6DD, 0xD6DD, 0xD6BD, 0xD6BD, 0xCE9D,
    0xC67D, 0xC65D, 0xB61D, 0xBE5E, 0xD71F, 0xCF7F, 0xAEDF, 0x9E9F, 0x967F, 0x8E3F, 0x861F, 0x7DFF, 0x861F, 0x9E7F, 0xA63E, 0x9D9C,
    0x953C, 0x953B, 0x953B, 0x8D1A, 0x8D1A, 0x8CFA, 0x953A, 0x9D5A, 0x953A, 0x84DA, 0x84DA, 0x7CBA, 0x749A, 0x747A, 0x6C7A, 0x6459,
    0x6439, 0x5C39, 0x6459, 0x6459, 0x5C39, 0x5419, 0x4BF8, 0x4BF8, 0x43D8, 0x43D8, 0x3399, 0x95DD, 0xF7FF, 0x4C7C, 0x237A, 0xA67E,
    0xC71E, 0x237B, 0xB6DE, 0xBEFF, 0x5CBC, 0x549C, 0xBEDE, 0x9E5E, 0x33DB, 0x3C1B, 0xBEDE, 0xFFFF, 0xE79F, 0x4C9C, 0x445A, 0x549A,
    0x5CDB, 0x651B, 0x6D5B, 0x75BC, 0x7DDD, 0x861D, 0x8E5E, 0x967E, 0xA6BF, 0xB71F, 0xDF5F, 0xB61D, 0xB61C, 0xB61B, 0xBE1B, 0xBE3B,
    0xC65B, 0xCE7C, 0xD6DD, 0xC67C, 0xB5DA, 0xDF1E, 0xDF9F, 0xCF1F, 0xC6FE, 0xBEBE, 0xB6BE, 0xB69E, 0xAE9E, 0xAE7E, 0xAE7F, 0xBEDF,
    0xDF5F, 0xCEBD, 0x2210, 0x00EB, 0x094D, 0x096D, 0x014D, 0x6CB8, 0x2252, 0x2253, 0x08A5, 0x0000, 0x0000, 0x0000, 0x0000, 0x0000,
    0x0000, 0x0000, 0x0000, 0x0000, 0x0000, 0x0000, 0x2145, 0xEF7F, 0xEF7F, 0xDF1E, 0xD6DD, 0xD6DD, 0xD6BD, 0xD6BD, 0xD6BD, 0xCE9D,
    0xCE9D, 0xC65C, 0xBE3C, 0xB5FC, 0xADDD, 0xC67E, 0xCF3F, 0xAEFF, 0x965F, 0x8E3F, 0x861F, 0x7DFF, 0x7DDF, 0x75DF, 0x7DFF, 0x963F,
    0xA63E, 0x9DBD, 0x8D1C, 0x84FB, 0x8D1B, 0x8D1A, 0x9D5B, 0x9D5B, 0x8D1A, 0x8CFA, 0x7CBA, 0x7C9A, 0x747A, 0x747A, 0x6C5A, 0x6439,
    0x5C19, 0x6459, 0x6459, 0x5C39, 0x5C19, 0x53F8, 0x4BF8, 0x43D8, 0x43D8, 0x43D8, 0x3398, 0x6CFC, 0xFFFF, 0x859D, 0x131A, 0x95FD,
    0xD79F, 0x3C1C, 0xAEBE, 0x445B, 0x2379, 0x2B79, 0x3C1B, 0xDFBF, 0xDF7F, 0x651C, 0x1B9B, 0x85BD, 0xFFFF, 0x8DDD, 0x3C3B, 0x4C7A,
    0x5CBA, 0x64FB, 0x6D3B, 0x759C, 0x7DDD, 0x85FD, 0x8E3E, 0x967E, 0xA6BF, 0xBF1F, 0xDF7F, 0xADFD, 0xADFC, 0xB61B, 0xB61B, 0xBE1B,
    0xC65B, 0xCE9C, 0xCEBC, 0xBDFA, 0xB5DA, 0xDF1D, 0xE7BF, 0xCF3F, 0xC71F, 0xC6FF, 0xC6FF, 0xBEDE, 0xBEDF, 0xC71F, 0xD73F, 0xDF3E,
    0xDF1D, 0xDF1D, 0x6C16, 0x010C, 0x096D, 0x012C, 0x2A71, 0x95DB, 0x09B0, 0x2254, 0x0884, 0x0000, 0x0000, 0x0000, 0x0000, 0x0000,
    0x0000, 0x0000, 0x0000, 0x0000, 0x0000, 0x0000, 0x1904, 0xE75E, 0xE75F, 0xD6FE, 0xD6DD, 0xD6DD, 0xD6BD, 0xD6FD, 0xD6BD, 0xCE9D,
    0xCE9D, 0xC65C, 0xBE1C, 0xB5FC, 0xB5FC, 0xA5BC, 0xADFD, 0xC6DE, 0xB6FF, 0x965F, 0x85FF, 0x7DFF, 0x7DDF, 0x75BF, 0x759F, 0x6D9F,
    0x75BF, 0x85FF, 0x9E1E, 0x9DBD, 0x851C, 0x84FB, 0x955B, 0x8D1B, 0x84FA, 0x84FA, 0x7CBA, 0x749A, 0x747A, 0x6C59, 0x6C59, 0x6439,
    0x5C39, 0x5C59, 0x5C59, 0x5C39, 0x53F8, 0x4BF8, 0x4BD8, 0x43B8, 0x43B8, 0x3BB8, 0x3BB8, 0x33BA, 0xB69E, 0xEFBF, 0x64FC, 0x235A,
    0x7D7C, 0xCF5F, 0xC77F, 0x33FB, 0x2B79, 0x2B99, 0x3C1B, 0xB6DE, 0x5CFD, 0xD79F, 0x8DDD, 0x1B7A, 0xA67E, 0xE7BF, 0x4C9C, 0x4C7A,
    0x54BA, 0x5CFB, 0x653C, 0x759C, 0x7DDD, 0x7DFE, 0x863E, 0x965F, 0xA6BF, 0xBF3F, 0xDF5F, 0xADFD, 0xADFC, 0xB5FB, 0xB5FB, 0xBE1B,
    0xC65C, 0xCE9C, 0xC65B, 0xB5DA, 0xB5FA, 0xD6BD, 0xF7FF, 0xDF7F, 0xD73F, 0xCF3F, 0xCF3F, 0xD75F, 0xDF7F, 0xE75E, 0xDEFD, 0xD6BD,
    0xDEFD, 0xEF5D, 0xDEFD, 0x3250, 0x010D, 0x010D, 0xADFB, 0x6C77, 0x014F, 0x2A74, 0x0863, 0x0000, 0x0000, 0x0000, 0x0000, 0x0000,
    0x0000, 0x0000, 0x0000, 0x0000, 0x0000, 0x0000, 0x1082, 0xDEFD, 0xE73F, 0xD6DE, 0xD6DD, 0xCEBD, 0xD6DD, 0xD6DD, 0xD6BD, 0xCE9D,
    0xCE7C, 0xC63C, 0xBE1B, 0xBE1B, 0xB5FB, 0xADDC, 0xA5BC, 0xA59C, 0xB63E, 0xBEDF, 0x9E9F, 0x7DFF, 0x75BF, 0x75BF, 0x759F, 0x6D7F,
    0x6D7F, 0x655F, 0x6D9F, 0x861F, 0x95FE, 0x95BD, 0x8D5C, 0x7CFB, 0x7CDB, 0x74DB, 0x74BB, 0x749A, 0x6C7A, 0x6C5A, 0x645A, 0x6439,
    0x5C39, 0x5C59, 0x5C39, 0x5418, 0x4BF8, 0x4BD8, 0x4BD8, 0x43B8, 0x43B7, 0x3BB8, 0x3BB8, 0x2B79, 0x6D1D, 0xFFFF, 0xFFFF, 0x961D,
    0x237B, 0x441B, 0xBEFE, 0xA67E, 0x2BBB, 0x2BBB, 0x961E, 0xBF3E, 0x1B7B, 0xB6BE, 0xB6BE, 0x1B7A, 0x6D3D, 0xFFFF, 0x651D, 0x445B,
    0x549B, 0x5CDB, 0x653C, 0x757D, 0x7DBD, 0x7DFE, 0x863E, 0x965F, 0xA6BF, 0xBF1F, 0xD75F, 0xA5FD, 0xA5DC, 0xADDB, 0xB5FB, 0xBE1B,
    0xBE3B, 0xBE3B, 0xB5DA, 0xB5FA, 0xBDFB, 0xBE1B, 0xE75E, 0xF7DF, 0xEFBF, 0xE79F, 0xE77E, 0xDF1D, 0xD6DD, 0xCEBC, 0xD6DC, 0xDEFD,
    0xDEFD, 0xE71D, 0xF79E, 0xADBA, 0x00ED, 0x7C77, 0xDF7E, 0x11D0, 0x11B1, 0x3295, 0x0021, 0x0000, 0x0000, 0x0000, 0x0000, 0x0000,
    0x0000, 0x0000, 0x0000, 0x0000, 0x0000, 0x0000, 0x0000, 0xBE3A, 0xE75F, 0xD6DE, 0xCEBD, 0xCEBD, 0xD6FE, 0xD6BD, 0xD69D, 0xCE9D,
    0xC65C, 0xBE1B, 0xBE1B, 0xBE1B, 0xB5FB, 0xADDB, 0xADDB, 0xA5BC, 0x9D9C, 0xA59C, 0xBE7E, 0xAEBF, 0x8E3F, 0x75BF, 0x6D9F, 0x6D7F,
    0x6D5F, 0x6D5F, 0x655F, 0x653F, 0x655F, 0x75BF, 0x8DFE, 0x8DDE, 0x7D3D, 0x6CBC, 0x6C9B, 0x6C9B, 0x6C9A, 0x647A, 0x645A, 0x5C39,
    0x5C39, 0x5C39, 0x5419, 0x53F9, 0x4BF8, 0x4BD8, 0x43D8, 0x43B8, 0x43B8, 0x3BB8, 0x3B98, 0x2B79, 0xB6BE, 0xCF7F, 0x7D9E, 0xEFFF,
    0xCF7F, 0x4C7C, 0x1B5B, 0x963E, 0xD79F, 0xBF1F, 0xB6FF, 0xB6FE, 0x2BBB, 0xB6DE, 0xAE9E, 0x1B5A, 0x6D3D, 0xF7FF, 0x5CFD, 0x443B,
    0x549B, 0x5CDB, 0x651C, 0x6D7D, 0x7DBD, 0x7DFE, 0x863F, 0x967F, 0xA69F, 0xBF1F, 0xD73F, 0xA5DD, 0xA5BC, 0xA5BB, 0xADDB, 0xB61B,
    0xB5FB, 0xADBA, 0xADDA, 0xB5FA, 0xBE1A, 0xBE1B, 0xBE3B, 0xD6BD, 0xDEFD, 0xD6DD, 0xCE9C, 0xCE9C, 0xD6BC, 0xD6DC, 0xDEDC, 0xDEFC,
    0xDEFD, 0xE71D, 0xE73D, 0xDF1D, 0xADBA, 0xFFFF, 0x53B5, 0x014F, 0x2213, 0x2A53, 0x0000, 0x0000, 0x0000, 0x0000, 0x0000, 0x0000,
    0x0000, 0x0000, 0x0000, 0x0000, 0x0000, 0x0000, 0x0000, 0x9CF6, 0xE77F, 0xD6DE, 0xCE9D, 0xD6DE, 0xD6FE, 0xD6BD, 0xCE9D, 0xC67C,
    0xBE3B, 0xBE1B, 0xBE1B, 0xBDFB, 0xB5FB, 0xB5DB, 0xADDB, 0xADBB, 0xA5BB, 0xA5BC, 0x9D9C, 0xA5DD, 0xB67E, 0xA69F, 0x7DFF, 0x6D7F,
    0x6D5F, 0x6D5F, 0x653F, 0x653F, 0x653F, 0x5D3F, 0x5D3F, 0x65BF, 0x7DFF, 0x85DE, 0x7D5D, 0x6CDC, 0x647B, 0x5C7B, 0x5C5A, 0x5C3A,
    0x5C39, 0x5419, 0x53F9, 0x4BF9, 0x4BF9, 0x4BF9, 0x4BF8, 0x43B8, 0x3B98, 0x3B98, 0x3B98, 0x2BBA, 0xC71F, 0xD75F, 0x239C, 0x3C1B,
    0xB6BE, 0xF7FF, 0xA69E, 0xB6DE, 0xAE7E, 0x443B, 0x2BDC, 0xBEFE, 0x2BBB, 0xB6DE, 0xAE7E, 0x1B7B, 0xBEFE, 0xE79F, 0x445C, 0x445B,
    0x549B, 0x5CDB, 0x651C, 0x6D7D, 0x75BE, 0x7DFE, 0x8E3F, 0x967F, 0x9E9F, 0xB71F, 0xD73F, 0x9DBC, 0x9D9B, 0x9D9B, 0xA5BB, 0xADFB,
    0xA59A, 0xA59A, 0xADDA, 0xB5FA, 0xBE1A, 0xBE3B, 0xBE3B, 0xBE3B, 0xC65B, 0xC67C, 0xD69C, 0xD6BC, 0xD6BC, 0xD6BC, 0xD6DC, 0xDEDC,
    0xDEFD, 0xDEFD, 0xE73D, 0xF7BF, 0xFFFF, 0x84B8, 0x012F, 0x11B0, 0x2235, 0x29F0, 0x0000, 0x0000, 0x0000, 0x0000, 0x0000, 0x0000,
    0x0000, 0x0000, 0x0000, 0x0000, 0x0000, 0x0000, 0x0000, 0x6BB0, 0xE77F, 0xCEBE, 0xC69E, 0xD6FE, 0xD6DE, 0xCEBD, 0xCE7D, 0xBE3C,
    0xBE3B, 0xBE1B, 0xBDFB, 0xBDFB, 0xB5FB, 0xB5DB, 0xADDB, 0xADBB, 0xADDB, 0xADDB, 0xA5BC, 0x9D9C, 0x9D7C, 0xA5DD, 0xAE5E, 0x9E5F,
    0x75BF, 0x653F, 0x653F, 0x653F, 0x653F, 0x655F, 0x655F, 0x5D5F, 0x553F, 0x5D9F, 0x761F, 0x863E, 0x85BE, 0x6D1D, 0x5C7C, 0x543B,
    0x543A, 0x543A, 0x5419, 0x4BF9, 0x4BF9, 0x4BF9, 0x43F9, 0x43D8, 0x3BB8, 0x3BB8, 0x3BB8, 0x2B79, 0xA63E, 0xF7FF, 0x447C, 0x1B39,
    0x235A, 0x7D7D, 0xAE7E, 0x443B, 0x1B5B, 0x549C, 0xC71F, 0xC73E, 0x239B, 0xBEDE, 0xB6DE, 0x963E, 0xFFFF, 0x7D9D, 0x33FB, 0x445B,
    0x549B, 0x5CDC, 0x651C, 0x6D5D, 0x75BE, 0x85FF, 0x8E3F, 0x967F, 0x9E9F, 0xB71F, 0xD73F, 0x959D, 0x959C, 0x9D9B, 0x9D9B, 0x9D7A,
    0x9D7A, 0xA59A, 0xADBA, 0xB5FB, 0xB5FB, 0xBE1B, 0xBE1B, 0xC63B, 0xC65C, 0xCE7C, 0xCE9C, 0xD69C, 0xD6BC, 0xD6BC, 0xD6BC, 0xD6BC,
    0xD6DC, 0xE73E, 0xF7DF, 0xFFFF, 0xEF7F, 0x3293, 0x0970, 0x19D1, 0x2A77, 0x196C, 0x0000, 0x0000, 0x0000, 0x0000, 0x0000, 0x0000,
    0x0000, 0x0000, 0x0000, 0x0000, 0x0000, 0x0000, 0x0000, 0x39E9, 0xDF3F, 0xCE9E, 0xCE9E, 0xD6FE, 0xD6BE, 0xCE9D, 0xC63C, 0xBE3C,
    0xBE1B, 0xBDFB, 0xBE1B, 0xBDFB, 0xB5FB, 0xB5DB, 0xB5DB, 0xB5DB, 0xADDB, 0xADBB, 0xA5BB, 0xA5BB, 0xA59C, 0x957C, 0x953C, 0x9DBD,
    0xAE3E, 0x9E3F, 0x75BF, 0x653F, 0x653F, 0x655F, 0x655F, 0x655F, 0x5D3F, 0x5D5F, 0x5D7F, 0x5D9F, 0x6DFF, 0x7E3F, 0x7E1E, 0x757D,
    0x64DC, 0x4C3B, 0x441B, 0x4C1A, 0x4C1A, 0x43F9, 0x43F9, 0x43F9, 0x3BD9, 0x3BB8, 0x3BB8, 0x2B99, 0x547C, 0xFFFF, 0xC71F, 0x445C,
    0x237A, 0x1B5B, 0x239B, 0x5CBC, 0xC71E, 0xF7FF, 0xC6FF, 0x4C7C, 0x239B, 0xC71F, 0xFFFF, 0xE7DF, 0x85BE, 0x33FB, 0x441B, 0x4C5B,
    0x549B, 0x5CDC, 0x653D, 0x6D7E, 0x7DDE, 0x861F, 0x8E3F, 0x967F, 0x9E9F, 0xB71F, 0xD73F, 0x959D, 0x957C, 0x957B, 0x955B, 0x955A,
    0x957A, 0x9D7A, 0xA59A, 0xADBB, 0xB5FB, 0xB61B, 0xB61B, 0xBE1B, 0xBE3C, 0xC65C, 0xC67C, 0xCE9C, 0xCE9C, 0xCE9C, 0xCE9C, 0xDEFD,
    0xEF9E, 0xFFFF, 0xFFFF, 0xEF7E, 0xE73E, 0x6C38, 0x0991, 0x21F3, 0x32B7, 0x10C6, 0x0000, 0x0000, 0x0000, 0x0000, 0x0000, 0x0000,
    0x0000, 0x0000, 0x0000, 0x0000, 0x0000, 0x0000, 0x0000, 0x0842, 0xBE3C, 0xCEBF, 0xCE9E, 0xD6DE, 0xCEBE, 0xC67D, 0xBE3C, 0xBE3C,
    0xBE1B, 0xBE1C, 0xBE1B, 0xB5FB, 0xB5FB, 0xB5DB, 0xB5FB, 0xB5FB, 0xB5DB, 0xADBB, 0xADBB, 0xA5BB, 0xA59B, 0x9D5B, 0x955B, 0x955C,
    0x8D3C, 0x9DBD, 0xAE3E, 0x9E3E, 0x7DDF, 0x655F, 0x653F, 0x655F, 0x655F, 0x655F, 0x5D7F, 0x5D7F, 0x5D9F, 0x5DBF, 0x65FF, 0x763F,
    0x7E5F, 0x7E1E, 0x6D5D, 0x5CBC, 0x4C3B, 0x441B, 0x3BFA, 0x43FA, 0x43F9, 0x3BD9, 0x3BD9, 0x33B9, 0x2B9A, 0x7D5D, 0xFFFF, 0xEFFF,
    0xB6BE, 0xAE9E, 0xCF5F, 0xF7FF, 0xBEDF, 0x5CBD, 0x239B, 0x133A, 0x5CDD, 0xFFFF, 0x9E3E, 0x3C3C, 0x2BDB, 0x3C1A, 0x443B, 0x4C7B,
    0x54BC, 0x5CFD, 0x6D5E, 0x759E, 0x7DDE, 0x861F, 0x8E3F, 0x967F, 0x9E9F, 0xBF1F, 0xD73F, 0x8D7D, 0x8D7C, 0x8D5B, 0x8D3B, 0x8D5B,
    0x955B, 0x957B, 0x9D7B, 0xA59B, 0xADDB, 0xADFB, 0xB5FB, 0xB61B, 0xBE1C, 0xBE3C, 0xC65C, 0xC65C, 0xC67C, 0xD6BD, 0xE77E, 0xF7DF,
    0xFFFF, 0xF7BF, 0xE73E, 0xE71D, 0xEF5E, 0x9D7B, 0x19D3, 0x2A55, 0x3295, 0x0000, 0x0000, 0x0000, 0x0000, 0x0000, 0x0000, 0x0000,
    0x0000, 0x0000, 0x0000, 0x0000, 0x0000, 0x0000, 0x0000, 0x0000, 0x7C33, 0xD6FF, 0xC69E, 0xD6DE, 0xC69E, 0xBE5D, 0xBE3C, 0xBE1C,
    0xBE1C, 0xBE1C, 0xBDFB, 0xB5FB, 0xB5FB, 0xBE1B, 0xBDFB, 0xB5FB, 0xB5DB, 0xB5DB, 0xADBB, 0xAD9A, 0xA57A, 0x9D5A, 0x9D5A, 0x955B,
    0x955B, 0x8D3C, 0x8D3C, 0x9D7D, 0xA61E, 0x9E3E, 0x85FF, 0x6D9F, 0x5D5F, 0x655F, 0x657F, 0x657F, 0x659F, 0x65BF, 0x65DF, 0x65DF,
    0x65FF, 0x6E5F, 0x7E9F, 0x86BF, 0x8E5E, 0x75BD, 0x5CFD, 0x443C, 0x3BFB, 0x33DA, 0x33DA, 0x3BD9, 0x33D9, 0x2B9A, 0x5CDC, 0xAE9E,
    0xDF7F, 0xD75F, 0xD75F, 0xF7FF, 0x6D5E, 0x2BDC, 0x2BDB, 0x64FD, 0xE7BF, 0xD75F, 0x341C, 0x33DA, 0x3BFA, 0x441B, 0x443B, 0x547C,
    0x5CBC, 0x64FD, 0x6D7E, 0x75BF, 0x7DDF, 0x861F, 0x8E3F, 0x967F, 0xA69F, 0xBF1F, 0xD73F, 0x857D, 0x855C, 0x853C, 0x853C, 0x853C,
    0x853C, 0x8D5C, 0x957C, 0x959C, 0xA5BC, 0xA5DC, 0xADDC, 0xADFC, 0xADFC, 0xB5FC, 0xBE5C, 0xD6DD, 0xE77E, 0xEFDF, 0xF7FF, 0xF7DF,
    0xEF7E, 0xDEFD, 0xDEFD, 0xE73D, 0xEF7E, 0xC65D, 0x2A75, 0x32D9, 0x21CE, 0x0000, 0x0000, 0x0000, 0x0000, 0x0000, 0x0000, 0x0000,
    0x0000, 0x0000, 0x0000, 0x0000, 0x0000, 0x0000, 0x0000, 0x0000, 0x2967, 0xC6BF, 0xCE9F, 0xCEBF, 0xC65E, 0xBE3D, 0xBE1D, 0xB61C,
    0xBE1C, 0xBE1C, 0xBDFB, 0xB5FB, 0xBE1B, 0xBE1B, 0xBDFB, 0xB5FB, 0xB5FB, 0xADBA, 0xAD9A, 0xA57A, 0x9D5A, 0x9D5A, 0x9D5A, 0x9D5A,
    0x9D5B, 0x955B, 0x953B, 0x8D3C, 0x851C, 0x8D5D, 0x9DDE, 0xA65E, 0x963F, 0x75DF, 0x657F, 0x5D7F, 0x659F, 0x65DF, 0x6DDF, 0x6DFF,
    0x6E1F, 0x6E3F, 0x6E3F, 0x6E7F, 0x7EBF, 0x8EFF, 0x971F, 0x96DF, 0x863E, 0x6D3D, 0x549C, 0x3BFB, 0x2BBB, 0x2BBA, 0x2B9A, 0x2BBB,
    0x341C, 0x2BDB, 0x3C3C, 0xBEFF, 0xFFFF, 0xE7BF, 0xDF9F, 0xFFFF, 0xD75F, 0x4C7D, 0x2BDB, 0x3BFA, 0x3BFA, 0x443B, 0x4C5C, 0x549C,
    0x5CDD, 0x6D3E, 0x759F, 0x7DBF, 0x7DFF, 0x861F, 0x8E5F, 0x9E7F, 0xA6BF, 0xBF3F, 0xD73F, 0x855E, 0x853D, 0x853D, 0x7D5D, 0x857E,
    0x95DE, 0x95BE, 0x857E, 0x8D7D, 0x959C, 0x9DBC, 0x9DBC, 0xA5DC, 0xBE5D, 0xD6FE, 0xE79F, 0xEFDF, 0xEFFF, 0xF7DF, 0xEF9E, 0xD6DD,
    0xD6BC, 0xDEDD, 0xE71D, 0xE73D, 0xEF7E, 0xD6DE, 0x4B38, 0x3AF9, 0x0884, 0x0000, 0x0000, 0x0000, 0x0000, 0x0000, 0x0000, 0x0000,
    0x0000, 0x0000, 0x0000, 0x0000, 0x0000, 0x0000, 0x0000, 0x0000, 0x0000, 0x8CB7, 0xD71F, 0xCEBF, 0xBE3E, 0xBE1D, 0xB61D, 0xB61C,
    0xBE3C, 0xBE1C, 0xB5FC, 0xBE1C, 0xBE1C, 0xBE1B, 0xBE1B, 0xB5FB, 0xADBA, 0xAD9A, 0xAD9A, 0xA57A, 0x9D39, 0x9D5A, 0x9D5A, 0x9D5A,
    0x9D5A, 0x955A, 0x955B, 0x953B, 0x8D3B, 0x8D3C, 0x84FC, 0x851C, 0x9DBD, 0xA63E, 0x9E5F, 0x863F, 0x75FF, 0x65DF, 0x65DF, 0x6DFF,
    0x6E1F, 0x6E3F, 0x765F, 0x767F, 0x7E9F, 0x7EBF, 0x7EFF, 0x8F3F, 0x9F7F, 0xA79F, 0xAF5F, 0x9EDE, 0x861E, 0x6D3D, 0x549C, 0x3C3C,
    0x2BDC, 0x2BBB, 0x2BBB, 0x2BDC, 0x753E, 0xA65E, 0xAE7E, 0x7D7E, 0x3C1C, 0x33BB, 0x3BFA, 0x3C1B, 0x443B, 0x4C5C, 0x549C, 0x5CDD,
    0x651E, 0x6D7F, 0x75BF, 0x7DDF, 0x85FF, 0x8E1F, 0x965F, 0x9E9F, 0xAEDF, 0xCF7F, 0xD73F, 0x7D5E, 0x7D3D, 0x751E, 0x95FF, 0xE77F,
    0xF7DF, 0xF7DF, 0xD71F, 0x8DDE, 0x8DBE, 0xAE3E, 0xC6DE, 0xD75E, 0xDFBF, 0xE7DF, 0xE7DF, 0xEFDF, 0xE77E, 0xD6DD, 0xCE7C, 0xCE9C,
    0xD6BC, 0xDEFD, 0xE71D, 0xE73E, 0xEF5E, 0xDF1E, 0x641C, 0x2A32, 0x0000, 0x0000, 0x0000, 0x0000, 0x0000, 0x0000, 0x0000, 0x0000,
    0x0000, 0x0000, 0x0000, 0x0000, 0x0000, 0x0000, 0x0000, 0x0000, 0x0000, 0x2968, 0xCEFF, 0xC69F, 0xB63E, 0xB61E, 0xB5FD, 0xBE1D,
    0xBE1D, 0xB61C, 0xB5FC, 0xBE1C, 0xBE1C, 0xBE1C, 0xB5FB, 0xADBA, 0xAD9A, 0xAD9A, 0xAD9A, 0xA559, 0x9D39, 0x9D39, 0xA55A, 0x9D5A,
    0x9D5A, 0x9D5A, 0x9D3A, 0x953A, 0x953B, 0x953B, 0x8D1B, 0x8D1B, 0x851C, 0x7CFC, 0x8D5D, 0x95DD, 0x9E3E, 0x9E7F, 0x8E7F, 0x7E5F,
    0x763F, 0x765F, 0x7E7F, 0x7E9F, 0x7EBF, 0x86DF, 0x86FF, 0x8F1F, 0x8F3F, 0x975F, 0x9F7F, 0xA79F, 0xB7DF, 0xBFDF, 0xBF9F, 0xB73F,
    0x9E9E, 0x8DFE, 0x6D5D, 0x54BD, 0x3C3D, 0x2BFD, 0x23DD, 0x239C, 0x2BBB, 0x33DB, 0x3C1C, 0x443C, 0x4C5C, 0x549D, 0x5CDE, 0x651E,
    0x6D5F, 0x759F, 0x7DDF, 0x85FF, 0x8E1F, 0x965F, 0x9E7F, 0xAEDF, 0xBF1F, 0xE7DF, 0xB69F, 0x6D1E, 0x6D1E, 0x85BF, 0xF7DF, 0xFFFF,
    0xE7BF, 0xE7BF, 0xF7FF, 0xE79F, 0xC73F, 0xCF9F, 0xD7BF, 0xDFBF, 0xE7DF, 0xE7BF, 0xDF3E, 0xC69D, 0xBE3C, 0xC65C, 0xCE7C, 0xCE9C,
    0xD6BC, 0xDEDD, 0xDEFD, 0xE71D, 0xE73E, 0xE73F, 0x747D, 0x0884, 0x0000, 0x0000, 0x0000, 0x0000, 0x0000, 0x0000, 0x0000, 0x0000,
    0x0000, 0x0000, 0x0000, 0x0000, 0x0000, 0x0000, 0x0000, 0x0000, 0x0000, 0x0000, 0x8475, 0xCEFF, 0xB61E, 0xB61E, 0xB5FD, 0xBE1E,
    0xBE1D, 0xB5FC, 0xBE1C, 0xBE1C, 0xBDFC, 0xB5DB, 0xAD9A, 0xAD9A, 0xAD9A, 0xAD9A, 0xAD9A, 0x9D39, 0x9D19, 0xA559, 0xA55A, 0xA55A,
    0x9D3A, 0x9D3A, 0x9D3A, 0x9D5A, 0x9D5A, 0x955A, 0x953A, 0x8D3B, 0x8D1B, 0x851B, 0x851C, 0x7CFC, 0x7CFC, 0x8D5D, 0x9DDE, 0x9E5E,
    0x9E9E, 0x9EDF, 0x96FF, 0x86DF, 0x86DF, 0x86DF, 0x8EFF, 0x8F1F, 0x973F, 0x975F, 0x9F7F, 0xA77F, 0xA79F, 0xAF9F, 0xB7BF, 0xBFDF,
    0xC7FF, 0xCFFF, 0xD7FF, 0xCFBF, 0xC77F, 0xBF1F, 0xAEBE, 0x963E, 0x85DE, 0x7D7E, 0x6D5E, 0x6D3E, 0x653E, 0x6D5E, 0x6D7F, 0x6D9F,
    0x75DF, 0x7DFF, 0x861F, 0x8E5F, 0x9E7F, 0xAEDF, 0xB6FF, 0xC73F, 0xE7BF, 0xDF5F, 0x85BE, 0x859F, 0x8DDF, 0xCF3F, 0xFFFF, 0xDF9F,
    0xC75F, 0xC75F, 0xCF9F, 0xEFDF, 0xD7BF, 0xCF9F, 0xDFBF, 0xD75F, 0xC6BE, 0xB61D, 0xADDC, 0xB5FC, 0xBE3C, 0xC65C, 0xCE7C, 0xCE9C,
    0xD6BC, 0xDEDD, 0xDEFD, 0xDF1E, 0xE73E, 0xEFBF, 0x5311, 0x0000, 0x0000, 0x0000, 0x0000, 0x0000, 0x0000, 0x0000, 0x0000, 0x0000,
    0x0000, 0x0000, 0x0000, 0x0000, 0x0000, 0x0000, 0x0000, 0x0000, 0x0000, 0x0000, 0x18C4, 0xB63E, 0xBE5F, 0xB5FE, 0xB61E, 0xBE1E,
    0xB5FD, 0xB5FD, 0xBE1D, 0xBE1D, 0xB5DC, 0xA59B, 0xA59A, 0xAD9A, 0xAD9A, 0xAD9A, 0xA57A, 0x9D39, 0x9D39, 0xA57A, 0xA55A, 0xA55A,
    0x9D3A, 0x9D3A, 0x9D3A, 0x9D3A, 0x9D5A, 0x9D5A, 0x953A, 0x951A, 0x8D3B, 0x8D1B, 0x8D1B, 0x851B, 0x851C, 0x7D1C, 0x7CFC, 0x7CFC,
    0x7D1D, 0x8D9D, 0x9E3E, 0xA6BE, 0xA71F, 0xA75F, 0xA77F, 0x9F5F, 0x975F, 0x9F5F, 0xA77F, 0xAF9F, 0xAF9F, 0xB79F, 0xB79F, 0xBFBF,
    0xBFBF, 0xC7BF, 0xC7BF, 0xC7BF, 0xCFDF, 0xD7FF, 0xD7FF, 0xDFFF, 0xDFFF, 0xE7FF, 0xE7DF, 0xE7DF, 0xDFBF, 0xDFBF, 0xDF9F, 0xDF7F,
    0xD77F, 0xD77F, 0xDF9F, 0xDF9F, 0xE79F, 0xE7BF, 0xEFBF, 0xF7DF, 0xFFFF, 0xE79F, 0xE79F, 0xEFDF, 0xF7FF, 0xFFFF, 0xEFBF, 0xCF7F,
    0xBF3F, 0xB71F, 0xBF5F, 0xE7DF, 0xDF7F, 0xB6BF, 0xA61E, 0x9DBD, 0x9D9D, 0xA5DC, 0xB5FC, 0xBE1C, 0xBE1C, 0xC65C, 0xCE7C, 0xD69C,
    0xD69C, 0xD6DD, 0xDEFD, 0xDF1E, 0xEF9F, 0xBE1B, 0x0862, 0x0000, 0x0000, 0x0000, 0x0000, 0x0000, 0x0000, 0x0000, 0x0000, 0x0000,
    0x0000, 0x0000, 0x0000, 0x0000, 0x0000, 0x0000, 0x0000, 0x0000, 0x0000, 0x0000, 0x0000, 0x426C, 0xC6BF, 0xB5FF, 0xB61E, 0xBE3E,
    0xB61E, 0xB61D, 0xBE1D, 0xB5FD, 0xA59C, 0xA59B, 0xADBB, 0xADBB, 0xAD9B, 0xAD9A, 0xA57A, 0x9D19, 0x9D5A, 0xA57A, 0xA55A, 0xA55A,
    0x9D5A, 0x9D3A, 0x9D3A, 0x9D3A, 0x9D5A, 0xA57A, 0x9D3A, 0x953A, 0x953A, 0x953A, 0x8D3B, 0x8D3B, 0x8D1B, 0x851B, 0x851B, 0x7CFB,
    0x7CFC, 0x74DC, 0x74DC, 0x751D, 0x7D5D, 0x8DBE, 0x9E3E, 0xA6DE, 0xAF3F, 0xBF9F, 0xBFDF, 0xBFDF, 0xBFDF, 0xBFDF, 0xBFBF, 0xBFBF,
    0xC7BF, 0xC7BF, 0xC7BF, 0xC7BF, 0xCFBF, 0xCFBF, 0xCFBF, 0xCFBF, 0xD7BF, 0xD7BF, 0xD7BF, 0xDFDF, 0xDFDF, 0xE7DF, 0xE7DF, 0xE7DF,
    0xE7DF, 0xEFDF, 0xEFDF, 0xEFDF, 0xEFDF, 0xEFDF, 0xF7DF, 0xF7DF, 0xF7DF, 0xF7FF, 0xF7FF, 0xF7FF, 0xF7FF, 0xFFFF, 0xF7DF, 0xCF7F,
    0xBF3F, 0xB73F, 0xC77F, 0xF7FF, 0xAE7F, 0x857E, 0x8D9D, 0x9D9C, 0xA5BC, 0xADFC, 0xB5FC, 0xBE1B, 0xBE1B, 0xC65C, 0xCE7C, 0xCE9C,
    0xD69C, 0xD6BD, 0xD6DD, 0xE73F, 0xE75F, 0x2987, 0x0000, 0x0000, 0x0000, 0x0000, 0x0000, 0x0000, 0x0000, 0x0000, 0x0000, 0x0000,
    0x0000, 0x0000, 0x0000, 0x0000, 0x0000, 0x0000, 0x0000, 0x0000, 0x0000, 0x0000, 0x0000, 0x0000, 0x6BD3, 0xC69F, 0xB61F, 0xBE3F,
    0xB61E, 0xBE1E, 0xB61E, 0xADBC, 0xA59C, 0xA59C, 0xADBC, 0xADBB, 0xA59B, 0xA59B, 0xA57A, 0x9D3A, 0xA55A, 0xA57A, 0xA55A, 0xA55A,
    0x9D5A, 0x9D3A, 0x9D3A, 0x9D3A, 0x9D5A, 0xA59A, 0xA57A, 0x9D5A, 0x9D5A, 0x9D5A, 0x953B, 0x953B, 0x8D3B, 0x8D3B, 0x8D1B, 0x851B,
    0x851B, 0x851B, 0x7D1C, 0x7D1C, 0x74FC, 0x6CDC, 0x64BC, 0x6CDD, 0x751D, 0x857D, 0x95FE, 0xA65E, 0xAEDE, 0xBF3F, 0xC79F, 0xCFBF,
    0xCFDF, 0xD7FF, 0xD7FF, 0xD7FF, 0xD7FF, 0xD7FF, 0xD7FF, 0xD7DF, 0xD7DF, 0xD7DF, 0xDFDF, 0xDFDF, 0xDFDF, 0xE7FF, 0xE7FF, 0xE7FF,
    0xEFFF, 0xEFFF, 0xEFFF, 0xF7FF, 0xF7FF, 0xF7FF, 0xFFFF, 0xFFFF, 0xF7DF, 0xEFBF, 0xDF5F, 0xCEFF, 0xAE9F, 0xA65F, 0xEFBF, 0xEFFF,
    0xCF9F, 0xD79F, 0xF7FF, 0xDF5F, 0x8DBE, 0x8D9D, 0x9D9C, 0x9DBB, 0xA5BB, 0xB5FB, 0xBE1B, 0xBE1B, 0xBE3B, 0xC65C, 0xC67C, 0xCE7C,
    0xCE9C, 0xD6BD, 0xDEFE, 0xEF9F, 0x5B2F, 0x0000, 0x0000, 0x0000, 0x0000, 0x0000, 0x0000, 0x0000, 0x0000, 0x0000, 0x0000, 0x0000,
    0x0000, 0x0000, 0x0000, 0x0000, 0x0000, 0x0000, 0x0000, 0x0000, 0x0000, 0x0000, 0x0000, 0x0000, 0x0000, 0x8497, 0xC6BF, 0xBE3F,
    0xB61F, 0xB61E, 0xADDE, 0xA59D, 0xA59C, 0xA59C, 0xADBC, 0xADBC, 0xA59B, 0xA59B, 0xA57A, 0x9D3A, 0xA57A, 0xA57A, 0xA55A, 0xA55A,
    0x9D5A, 0x9D5A, 0x9D3A, 0x9D3A, 0x9D5A, 0xAD9A, 0xA59A, 0xA57A, 0x9D5A, 0x9D5A, 0x9D7B, 0x9D5B, 0x955B, 0x953B, 0x8D3B, 0x8D3B,
    0x8D1B, 0x851B, 0x851B, 0x851B, 0x851B, 0x7CFB, 0x7CFB, 0x74DB, 0x6CBB, 0x6CBC, 0x64BC, 0x64BC, 0x649C, 0x64BD, 0x74FD, 0x7D3D,
    0x859D, 0x95FE, 0xA65E, 0xAE9E, 0xB6DF, 0xBF1F, 0xC73F, 0xCF5F, 0xD77F, 0xD77F, 0xDF9F, 0xDF9F, 0xDF9F, 0xDF9F, 0xDF7F, 0xDF7F,
    0xD77F, 0xD73F, 0xCF1F, 0xC6DF, 0xB69F, 0xAE5F, 0x9E1E, 0x95BE, 0x857E, 0x751D, 0x6CDD, 0x64DD, 0x64DD, 0x64DE, 0x8DDE, 0xDF5F,
    0xEFDF, 0xEFBF, 0xCF1F, 0x8DDE, 0x8D7D, 0x959C, 0x9D9B, 0xA59B, 0xADDB, 0xB5FB, 0xB5FB, 0xBDFB, 0xBE1B, 0xC63C, 0xC65C, 0xCE7C,
    0xCE7D, 0xD6BE, 0xEF9F, 0x7C34, 0x0000, 0x0000, 0x0000, 0x0000, 0x0000, 0x0000, 0x0000, 0x0000, 0x0000, 0x0000, 0x0000, 0x0000,
    0x0000, 0x0000, 0x0000, 0x0000, 0x0000, 0x0000, 0x0000, 0x0000, 0x0000, 0x0000, 0x0000, 0x0000, 0x0000, 0x0862, 0x9D39, 0xCEDF,
    0xB61F, 0xB5FF, 0xADDE, 0xA5BD, 0xA59D, 0xA59C, 0xA5BC, 0xA5BC, 0xA59B, 0xA57B, 0x9D5B, 0x9D3A, 0x9D5B, 0x9D5A, 0x9D5A, 0xA57A,
    0x9D5A, 0x9D5A, 0x9D5A, 0x9D3A, 0x9D3A, 0xAD9A, 0xADBA, 0xA59A, 0xA57A, 0x9D5A, 0x9D5A, 0x9D7B, 0x9D7B, 0x9D5B, 0x953B, 0x953B,
    0x953B, 0x8D1B, 0x8D1B, 0x8D1B, 0x851B, 0x851B, 0x84FB, 0x7CFB, 0x74DB, 0x74DB, 0x74DB, 0x74DB, 0x6CBB, 0x6C9B, 0x649B, 0x647C,
    0x5C7C, 0x5C7C, 0x5C7C, 0x547D, 0x5C7D, 0x5C9D, 0x5CBD, 0x64BD, 0x64DD, 0x6CDD, 0x6CFE, 0x6CFE, 0x6CFE, 0x6CFE, 0x6CFE, 0x6CFE,
    0x6CDE, 0x64DD, 0x5C9D, 0x5C7D, 0x547D, 0x5C7D, 0x5C7C, 0x649C, 0x649C, 0x64BC, 0x649C, 0x6CBC, 0x6CDC, 0x74FC, 0x6CFD, 0x753E,
    0x8DBE, 0x8DBE, 0x7D5E, 0x855D, 0x957C, 0x9D9B, 0x9D9B, 0xA59B, 0xADFB, 0xB5FB, 0xB5DB, 0xB5FB, 0xBE1B, 0xBE3C, 0xC65C, 0xC65C,
    0xC67D, 0xDF5F, 0x8CB6, 0x0000, 0x0000, 0x0000, 0x0000, 0x0000, 0x0000, 0x0000, 0x0000, 0x0000, 0x0000, 0x0000, 0x0000, 0x0000,
    0x0000, 0x0000, 0x0000, 0x0000, 0x0000, 0x0000, 0x0000, 0x0000, 0x0000, 0x0000, 0x0000, 0x0000, 0x0000, 0x0000, 0x0862, 0x9D39,
    0xCEFF, 0xB5FF, 0xA5DE, 0xA5BE, 0xA59D, 0xA59D, 0xA59C, 0xA5BC, 0xA59C, 0xA59C, 0x9D5B, 0x9D3B, 0x9D5B, 0x9D5B, 0x9D5B, 0xA57B,
    0x9D7A, 0x9D5A, 0x9D5A, 0x9D3A, 0x9D3A, 0xA57A, 0xADDB, 0xAD9A, 0xA59B, 0xA59B, 0x9D5A, 0x9D5B, 0x9D7B, 0xA59B, 0x9D7B, 0x9D5B,
    0x955B, 0x953B, 0x8D3B, 0x8D3B, 0x8D3B, 0x8D1B, 0x851B, 0x84FB, 0x84FB, 0x7CFB, 0x7CFB, 0x7CDB, 0x74BB, 0x74BB, 0x74BB, 0x6CBB,
    0x6CBB, 0x6C9B, 0x647B, 0x647B, 0x647B, 0x647B, 0x647B, 0x5C7B, 0x5C7C, 0x5C7C, 0x5C7C, 0x5C7C, 0x647C, 0x649C, 0x649C, 0x649C,
    0x649C, 0x64BC, 0x649B, 0x647B, 0x647B, 0x649B, 0x6CBB, 0x6CBB, 0x74DB, 0x6C9B, 0x6C9B, 0x6CBB, 0x74BB, 0x74DB, 0x7D1C, 0x7D1C,
    0x7D3D, 0x853C, 0x853C, 0x8D5C, 0x957B, 0x9D7B, 0x9D7B, 0xA5BB, 0xADDB, 0xADBB, 0xADDB, 0xB5FB, 0xB61B, 0xBE1C, 0xBE3C, 0xC65D,
    0xD71F, 0x8475, 0x0000, 0x0000, 0x0000, 0x0000, 0x0000, 0x0000, 0x0000, 0x0000, 0x0000, 0x0000, 0x0000, 0x0000, 0x0000, 0x0000,
    0x0000, 0x0000, 0x0000, 0x0000, 0x0000, 0x0000, 0x0000, 0x0000, 0x0000, 0x0000, 0x0000, 0x0000, 0x0000, 0x0000, 0x0000, 0x0041,
    0x8475, 0xC69F, 0xADFF, 0xA5BE, 0xA5BE, 0xA59D, 0xA59D, 0xADBD, 0xA5BD, 0xA59C, 0x9D7C, 0x9D5B, 0x9D5B, 0x9D5B, 0x9D3B, 0xA57B,
    0xA57B, 0x9D7B, 0x9D5B, 0x9D5A, 0x9D5A, 0x9D5A, 0xADBB, 0xB5DB, 0xADBB, 0xADBB, 0xA59B, 0x9D7B, 0x9D5B, 0x9D7B, 0xA59B, 0xA59B,
    0x9D7B, 0x9D7B, 0x9D7B, 0x955B, 0x955B, 0x955B, 0x8D3B, 0x8D1B, 0x8D1B, 0x8D3B, 0x851B, 0x84FB, 0x7CDB, 0x7CDB, 0x7CDB, 0x74BB,
    0x74BB, 0x749B, 0x749B, 0x6C9B, 0x6C9B, 0x6C7B, 0x6C7A, 0x645A, 0x647B, 0x645B, 0x645B, 0x647B, 0x647B, 0x6C7B, 0x6C7B, 0x6C7B,
    0x6C7A, 0x6C9B, 0x6C9B, 0x647A, 0x6C7A, 0x6C9A, 0x749A, 0x74BA, 0x74BA, 0x6C7A, 0x6C7A, 0x749A, 0x74BA, 0x7CFA, 0x851B, 0x8D3B,
    0x8D3B, 0x8D3B, 0x8D3B, 0x953B, 0x955B, 0x955A, 0x9D7B, 0xA5BB, 0x9D7B, 0xA59B, 0xADDB, 0xB5FB, 0xB5FC, 0xB5FC, 0xC67D, 0xCEDF,
    0x6BB2, 0x0000, 0x0000, 0x0000, 0x0000, 0x0000, 0x0000, 0x0000, 0x0000, 0x0000, 0x0000, 0x0000, 0x0000, 0x0000, 0x0000, 0x0000,
    0x0000, 0x0000, 0x0000, 0x0000, 0x0000, 0x0000, 0x0000, 0x0000, 0x0000, 0x0000, 0x0000, 0x0000, 0x0000, 0x0000, 0x0000, 0x0000,
    0x0000, 0x530F, 0xB61F, 0xB63F, 0xA5BE, 0xA5BE, 0xA59E, 0xADBE, 0xADBD, 0xA59D, 0x9D7C, 0x955C, 0x955C, 0x953C, 0x953B, 0x9D5B,
    0xA59C, 0xA57B, 0xA57B, 0x9D7B, 0x9D7B, 0x9D7B, 0xA57B, 0xADDC, 0xB5FC, 0xADDC, 0xADDC, 0xA5BB, 0x9D7B, 0x9D7B, 0x9D7B, 0x9D7B,
    0xA59B, 0xA59B, 0xA5BC, 0xA5BC, 0xA59C, 0x9D9C, 0x9D7B, 0x955B, 0x955B, 0x955B, 0x955B, 0x8D3B, 0x84FB, 0x84FA, 0x7CDB, 0x7CDB,
    0x7CDB, 0x7CBB, 0x74BA, 0x74BA, 0x749A, 0x749A, 0x6C7A, 0x6C5A, 0x6C5A, 0x6C5A, 0x6C5A, 0x6C5A, 0x6C7A, 0x6C5A, 0x6C7A, 0x6C7A,
    0x6C7A, 0x6C7A, 0x6C7A, 0x6C7A, 0x6C7A, 0x749A, 0x7CBA, 0x7CBA, 0x6C7A, 0x6C7A, 0x749A, 0x749A, 0x7CDA, 0x8CFA, 0x8D1A, 0x8D1B,
    0x8D1A, 0x8D1B, 0x8D1A, 0x953B, 0x953A, 0x955B, 0x9D9B, 0x9D5B, 0x9D7B, 0xA59B, 0xADBB, 0xADDC, 0xB5FC, 0xC67F, 0xADFD, 0x426C,
    0x0000, 0x0000, 0x0000, 0x0000, 0x0000, 0x0000, 0x0000, 0x0000, 0x0000, 0x0000, 0x0000, 0x0000, 0x0000, 0x0000, 0x0000, 0x0000,
    0x0000, 0x0000, 0x0000, 0x0000, 0x0000, 0x0000, 0x0000, 0x0000, 0x0000, 0x0000, 0x0000, 0x0000, 0x0000, 0x0000, 0x0000, 0x0000,
    0x0000, 0x0000, 0x2147, 0x8CD9, 0xB65F, 0xADFF, 0x9D9E, 0xA59E, 0xADDE, 0xA5BE, 0x9D7D, 0x955C, 0x953C, 0x953C, 0x951C, 0x953C,
    0xA59C, 0xA59C, 0xA57C, 0x9D7C, 0x9D7B, 0x9D7B, 0x9D7B, 0xA57B, 0xADDC, 0xB5FC, 0xB5FC, 0xADFC, 0xADDC, 0xA59C, 0xA59C, 0x9D9C,
    0x9D7C, 0x9D7C, 0x9D7C, 0x9D9C, 0xA59C, 0xA5BC, 0xA59C, 0xA59C, 0x9D9C, 0x9D7C, 0x9D7B, 0x955B, 0x8D3B, 0x84FB, 0x84FB, 0x84FB,
    0x7CDB, 0x7CDB, 0x7CBB, 0x7CBB, 0x7C9B, 0x749A, 0x749A, 0x6C5A, 0x6C5A, 0x6C7A, 0x6C7A, 0x6C7A, 0x747A, 0x745A, 0x747A, 0x747A,
    0x749A, 0x6C7A, 0x6C5A, 0x6C7A, 0x747A, 0x749A, 0x749A, 0x6C7A, 0x6C5A, 0x747A, 0x749A, 0x7CBA, 0x84FA, 0x8D1A, 0x8CFA, 0x84DA,
    0x84FA, 0x8CFA, 0x8D1A, 0x8D1B, 0x8D1B, 0x953B, 0x953B, 0x955B, 0x9D7B, 0x9D9B, 0xA5BC, 0xB63E, 0xBE5F, 0x8476, 0x18E5, 0x0000,
    0x0000, 0x0000, 0x0000, 0x0000, 0x0000, 0x0000, 0x0000, 0x0000, 0x0000, 0x0000, 0x0000, 0x0000, 0x0000, 0x0000, 0x0000, 0x0000,
    0x0000, 0x0000, 0x0000, 0x0000, 0x0000, 0x0000, 0x0000, 0x0000, 0x0000, 0x0000, 0x0000, 0x0000, 0x0000, 0x0000, 0x0000, 0x0000,
    0x0000, 0x0000, 0x0000, 0x0000, 0x426D, 0x8CFA, 0xAE1F, 0xADFF, 0xADFF, 0xADDF, 0x9D9E, 0x955D, 0x955D, 0x8D3D, 0x8D1C, 0x8CFC,
    0x955D, 0xADDD, 0xA59D, 0xA59C, 0xA59C, 0x9D9C, 0xA59C, 0x9D9C, 0x9D9C, 0xA59C, 0xADDD, 0xB5FD, 0xB61D, 0xADFD, 0xA5DD, 0xA5BD,
    0xA59C, 0x9D9C, 0x9D9C, 0x9D7C, 0x9D7C, 0x9D7C, 0x957C, 0x9D7C, 0x9D7C, 0x9D7C, 0x9D7C, 0x9D9C, 0x9D7C, 0x953B, 0x8D1B, 0x84FB,
    0x84FB, 0x84FB, 0x7CDB, 0x7CBB, 0x7CBB, 0x7CBB, 0x749B, 0x6C7A, 0x6C7A, 0x6C7A, 0x6C7A, 0x747A, 0x747A, 0x747A, 0x749A, 0x749A,
    0x6C7A, 0x6C5A, 0x6C5A, 0x6C7A, 0x749A, 0x749A, 0x6C5A, 0x6C7A, 0x747A, 0x747A, 0x749A, 0x84DA, 0x8CFA, 0x84DA, 0x7CBA, 0x7CBA,
    0x84FA, 0x84FA, 0x84FA, 0x84FB, 0x84FB, 0x84FB, 0x8D1B, 0x953B, 0x9D9C, 0xADFE, 0xADFE, 0x84B8, 0x31EA, 0x0000, 0x0000, 0x0000,
    0x0000, 0x0000, 0x0000, 0x0000, 0x0000, 0x0000, 0x0000, 0x0000, 0x0000, 0x0000, 0x0000, 0x0000, 0x0000, 0x0000, 0x0000, 0x0000,
    0x0000, 0x0000, 0x0000, 0x0000, 0x0000, 0x0000, 0x0000, 0x0000, 0x0000, 0x0000, 0x0000, 0x0000, 0x0000, 0x0000, 0x0000, 0x0000,
    0x0000, 0x0000, 0x0000, 0x0000, 0x0000, 0x0000, 0x320B, 0x6C16, 0x955E, 0xB65F, 0xB65F, 0x9DBF, 0x957F, 0x8D3E, 0x8D1D, 0x851D,
    0x851D, 0x9D9D, 0xADDE, 0xA5BE, 0xA5BD, 0xA5BD, 0xA5BD, 0xA5BD, 0xA5BD, 0x9D9D, 0x9D9D, 0x9D9D, 0xA5BD, 0xADDE, 0xADFE, 0xADFE,
    0xA5DE, 0xA5BD, 0x9DBD, 0x9D9D, 0x9D9D, 0x9D9D, 0x957D, 0x957D, 0x957D, 0x957D, 0x955C, 0x955C, 0x9D7C, 0x9D7D, 0x8D5C, 0x8D3C,
    0x8D1C, 0x851C, 0x84FC, 0x84FC, 0x7CFC, 0x7CDC, 0x74BB, 0x749B, 0x747B, 0x749B, 0x6C9B, 0x749B, 0x749B, 0x749B, 0x749B, 0x6C7B,
    0x6C5B, 0x6C5A, 0x6C7A, 0x747B, 0x6C7A, 0x645A, 0x6C5B, 0x6C7B, 0x6C7A, 0x747A, 0x7CDB, 0x84FB, 0x7CBB, 0x749B, 0x7CBB, 0x7CDB,
    0x84FB, 0x7CDB, 0x7CDB, 0x7CDC, 0x7CFC, 0x8D3D, 0x957E, 0x957E, 0x8D1B, 0x63B4, 0x29A9, 0x0000, 0x0000, 0x0000, 0x0000, 0x0000,
    0x0000, 0x0000, 0x0000, 0x0000, 0x0000, 0x0000, 0x0000, 0x0000, 0x0000, 0x0000, 0x0000, 0x0000, 0x0000, 0x0000, 0x0000, 0x0000,
    0x0000, 0x0000, 0x0000, 0x0000, 0x0000, 0x0000, 0x0000, 0x0000, 0x0000, 0x0000, 0x0000, 0x0000, 0x0000, 0x0000, 0x0000, 0x0000,
    0x0000, 0x0000, 0x0000, 0x0000, 0x0000, 0x0000, 0x0000, 0x0000, 0x0883, 0x31EB, 0x6372, 0x7458, 0x84DB, 0x8D3D, 0x8D3F, 0x8D7F,
    0x8D7F, 0x8D5F, 0xA5DF, 0xB63F, 0xB63F, 0xB63F, 0xB63F, 0xB63F, 0xAE3F, 0xAE3F, 0xAE1F, 0xA61F, 0xA5FF, 0xA5FF, 0xA5FF, 0xAE1F,
    0xAE3F, 0xAE3F, 0xAE3F, 0xAE3F, 0xAE1F, 0xA61F, 0xA5FF, 0xA5FF, 0xA5FF, 0x9DDF, 0x9DDF, 0x9DDF, 0x9DBF, 0x9DBF, 0x9DDF, 0x9DBF,
    0x95BF, 0x959F, 0x8D7E, 0x8D7E, 0x8D7E, 0x853E, 0x7D1E, 0x7CFE, 0x7CFE, 0x7CFE, 0x7CFE, 0x7D1E, 0x7D1E, 0x74FD, 0x74DE, 0x74DE,
    0x74DD, 0x74DD, 0x74DD, 0x74BD, 0x6CBD, 0x6CBD, 0x74DD, 0x74FD, 0x7CFD, 0x7D1D, 0x7D1D, 0x7CFD, 0x7CFD, 0x7D1D, 0x7D1D, 0x7D1D,
    0x7CFD, 0x7CFD, 0x74DC, 0x749B, 0x6C59, 0x5BD6, 0x4AD0, 0x2989, 0x0862, 0x0000, 0x0000, 0x0000, 0x0000, 0x0000, 0x0000, 0x0000,
    0x0000, 0x0000, 0x0000, 0x0000, 0x0000, 0x0000, 0x0000, 0x0000, 0x0000, 0x0000, 0x0000, 0x0000, 0x0000, 0x0000, 0x0000, 0x0000,
    0x0000, 0x0000, 0x0000, 0x0000, 0x0000, 0x0000, 0x0000, 0x0000, 0x0000, 0x0000, 0x0000, 0x0000, 0x0000, 0x0000, 0x0000, 0x0000,
    0x0000, 0x0000, 0x0000, 0x0000, 0x0000, 0x0000, 0x0000, 0x0000, 0x0000, 0x0000, 0x0000, 0x0000, 0x0041, 0x10A4, 0x1906, 0x2148,
    0x2189, 0x2989, 0x29A9, 0x31CA, 0x31CA, 0x31C9, 0x31C9, 0x31C9, 0x31CA, 0x31C9, 0x31C9, 0x31C9, 0x31CA, 0x29C9, 0x29A9, 0x29C9,
    0x29C9, 0x31C9, 0x31C9, 0x31CA, 0x31CA, 0x31C9, 0x31C9, 0x29C9, 0x29A9, 0x29A9, 0x29A9, 0x29A9, 0x29A9, 0x29A9, 0x29A9, 0x29A9,
    0x29A9, 0x29A9, 0x29A9, 0x2989, 0x2989, 0x2189, 0x2189, 0x2189, 0x2189, 0x2189, 0x2189, 0x2189, 0x2169, 0x2169, 0x2169, 0x2169,
    0x2169, 0x2169, 0x2169, 0x2169, 0x2169, 0x2189, 0x2189, 0x2189, 0x2189, 0x2189, 0x2169, 0x2189, 0x2189, 0x2189, 0x2189, 0x2169,
    0x2148, 0x1927, 0x10E5, 0x0883, 0x0021, 0x0000, 0x0000, 0x0000, 0x0000, 0x0000, 0x0000, 0x0000, 0x0000, 0x0000, 0x0000, 0x0000,
    0x0000, 0x0000, 0x0000, 0x0000, 0x0000, 0x0000, 0x0000, 0x0000, 0x0000, 0x0000, 0x0000, 0x0000, 0x0000, 0x0000, 0x0000, 0x0000,
    0x0000, 0x0000, 0x0000, 0x0000, 0x0000, 0x0000, 0x0000, 0x0000, 0x0000, 0x0000, 0x0000, 0x0000, 0x0000, 0x0000, 0x0000, 0x0000,
    0x0000, 0x0000, 0x0000, 0x0000, 0x0000, 0x0000, 0x0000, 0x0000, 0x0000, 0x0000, 0x0000, 0x0000, 0x0000, 0x0000, 0x0000, 0x0000,
    0x0000, 0x0000, 0x0000, 0x0000, 0x0000, 0x0000, 0x0000, 0x0000, 0x0000, 0x0000, 0x0000, 0x0000, 0x0000, 0x0000, 0x0000, 0x0000,
    0x0000, 0x0000, 0x0000, 0x0000, 0x0000, 0x0000, 0x0000, 0x0000, 0x0000, 0x0000, 0x0000, 0x0000, 0x0000, 0x0000, 0x0000, 0x0000,
    0x0000, 0x0000, 0x0000, 0x0000, 0x0000, 0x0000, 0x0000, 0x0000, 0x0000, 0x0000, 0x0000, 0x0000, 0x0000, 0x0000, 0x0000, 0x0000,
    0x0000, 0x0000, 0x0000, 0x0000, 0x0000, 0x0000, 0x0000, 0x0000, 0x0000, 0x0000, 0x0000, 0x0000, 0x0000, 0x0000, 0x0000, 0x0000,
    0x0000, 0x0000, 0x0000, 0x0000, 0x0000, 0x0000, 0x0000, 0x0000, 0x0000, 0x0000, 0x0000, 0x0000, 0x0000, 0x0000, 0x0000, 0x0000,
    0x0000, 0x0000, 0x0000, 0x0000, 0x0000, 0x0000, 0x0000, 0x0000, 0x0000, 0x0000, 0x0000, 0x0000, 0x0000, 0x0000, 0x0000, 0x0000,
    0x0000, 0x0000, 0x0000, 0x0000, 0x0000, 0x0000, 0x0000, 0x0000, 0x0000, 0x0000, 0x0000, 0x0000, 0x0000, 0x0000, 0x0000, 0x0000,
    0x0000, 0x0000, 0x0000, 0x0000, 0x0000, 0x0000, 0x0000, 0x0000, 0x0000, 0x0000, 0x0000, 0x0000, 0x0000, 0x0000, 0x0000, 0x0000,
    0x0000, 0x0000, 0x0000, 0x0000, 0x0000, 0x0000, 0x0000, 0x0000, 0x0000, 0x0000, 0x0000, 0x0000, 0x0000, 0x0000, 0x0000, 0x0000,
    0x0000, 0x0000, 0x0000, 0x0000, 0x0000, 0x0000, 0x0000, 0x0000, 0x0000, 0x0000, 0x0000, 0x0000, 0x0000, 0x0000, 0x0000, 0x0000,
    0x0000, 0x0000, 0x0000, 0x0000, 0x0000, 0x0000, 0x0000, 0x0000, 0x0000, 0x0000, 0x0000, 0x0000, 0x0000, 0x0000, 0x0000, 0x0000,
    0x0000, 0x0000, 0x0000, 0x0000, 0x0000, 0x0000, 0x0000, 0x0000, 0x0000, 0x0000, 0x0000, 0x0000, 0x0000, 0x0000, 0x0000, 0x0000,
    0x0000, 0x0000, 0x0000, 0x0000, 0x0000, 0x0000, 0x0000, 0x0000, 0x0000, 0x0000, 0x0000, 0x0000, 0x0000, 0x0000, 0x0000, 0x0000,
    0x0000, 0x0000, 0x0000, 0x0000, 0x0000, 0x0000, 0x0000, 0x0000, 0x0000, 0x0000, 0x0000, 0x0000, 0x0000, 0x0000, 0x0000, 0x0000,
    0x0000, 0x0000, 0x0000, 0x0000, 0x0000, 0x0000, 0x0000, 0x0000, 0x0000, 0x0000, 0x0000, 0x0000, 0x0000, 0x0000, 0x0000, 0x0000,
    0x0000, 0x0000, 0x0000, 0x0000, 0x0000, 0x0000, 0x0000, 0x0000, 0x0000, 0x0000, 0x0000, 0x0000, 0x0000, 0x0000, 0x0000, 0x0000,
    0x0000, 0x0000, 0x0000, 0x0000, 0x0000, 0x0000, 0x0000, 0x0000, 0x0000, 0x0000, 0x0000, 0x0000, 0x0000, 0x0000, 0x0000, 0x0000,
    0x0000, 0x0000, 0x0000, 0x0000, 0x0000, 0x0000, 0x0000, 0x0000, 0x0000, 0x0000, 0x0000, 0x0000, 0x0000, 0x0000, 0x0000, 0x0000,
    0x0000, 0x0000, 0x0000, 0x0000, 0x0000, 0x0000, 0x0000, 0x0000, 0x0000, 0x0000, 0x0000, 0x0000, 0x0000, 0x0000, 0x0000, 0x0000,
    0x0000, 0x0000, 0x0000, 0x0000, 0x0000, 0x0000, 0x0000, 0x0000, 0x0000, 0x0000, 0x0000, 0x0000, 0x0000, 0x0000, 0x0000, 0x0000,
    0x0000, 0x0000, 0x0000, 0x0000, 0x0000, 0x0000, 0x0000, 0x0000, 0x0000, 0x0000, 0x0000, 0x0000, 0x0000, 0x0000, 0x0000, 0x0000,
    0x0000, 0x0000, 0x0000, 0x0000, 0x0000, 0x0000, 0x0000, 0x0000, 0x0000, 0x0000, 0x0000, 0x0000, 0x0000, 0x0000, 0x0000, 0x0000,
    0x0000, 0x0000, 0x0000, 0x0000, 0x0000, 0x0000, 0x0000, 0x0000, 0x0000, 0x0000, 0x0000, 0x0000, 0x0000, 0x0000, 0x0000, 0x0000,
    0x0000, 0x0000, 0x0000, 0x0000, 0x0000, 0x0000, 0x0000, 0x0000, 0x0000, 0x0000, 0x0000, 0x0000, 0x0000, 0x0000, 0x0000, 0x0000,
    0x0000, 0x0000, 0x0000, 0x0000, 0x0000, 0x0000, 0x0000, 0x0000, 0x0000, 0x0000, 0x0000, 0x0000, 0x0000, 0x0000, 0x0000, 0x0000,
    0x0000, 0x0000, 0x0000, 0x0000, 0x0000, 0x0000, 0x0000, 0x0000, 0x0000, 0x0000, 0x0000, 0x0000, 0x0000, 0x0000, 0x0000, 0x0000,
    0x0000, 0x0000, 0x0000, 0x0000, 0x0000, 0x0000, 0x0000, 0x0000, 0x0000, 0x0000, 0x0000, 0x0000, 0x0000, 0x0000, 0x0000, 0x0000,
    0x0000, 0x0000, 0x0000, 0x0000, 0x0000, 0x0000, 0x0000, 0x0000, 0x0000, 0x0000, 0x0000, 0x0000, 0x0000, 0x0000, 0x0000, 0x0000,
    0x0000, 0x0000, 0x0000, 0x0000, 0x0000, 0x0000, 0x0000, 0x0000, 0x0000, 0x0000, 0x0000, 0x0000, 0x0000, 0x0000, 0x0000, 0x0000,
    0x0000, 0x0000, 0x0000, 0x0000, 0x0000, 0x0000, 0x0000, 0x0000, 0x0000, 0x0000, 0x0000, 0x0000, 0x0000, 0x0000, 0x0000, 0x0000,
    0x0000, 0x0000, 0x0000, 0x0000, 0x0000, 0x0000, 0x0000, 0x0000, 0x0000, 0x0000, 0x0000, 0x0000, 0x0000, 0x0000, 0x0000, 0x0000,
    0x0000, 0x0000, 0x0000, 0x0000, 0x0000, 0x0000, 0x0000, 0x0000, 0x0000, 0x0000, 0x0000, 0x0000, 0x0000, 0x0000, 0x0000, 0x0000,
    0x0000, 0x0000, 0x0000, 0x0000, 0x0000, 0x0000, 0x0000, 0x0000, 0x0000, 0x0000, 0x0000, 0x0000, 0x0000, 0x0000, 0x0000, 0x0000,
    0x0000, 0x0000, 0x0000, 0x0000, 0x0000, 0x0000, 0x0000, 0x0000, 0x0000, 0x0000, 0x0000, 0x0000, 0x0000, 0x0000, 0x0000, 0x0000,
    0x0000, 0x0000, 0x0000, 0x0000, 0x0000, 0x0000, 0x0000, 0x0000, 0x0000, 0x0000, 0x0000, 0x0000, 0x0000, 0x0000, 0x0000, 0x0000,
    0x0000, 0x0000, 0x0000, 0x0000, 0x0000, 0x0000, 0x0000, 0x0000, 0x0000, 0x0000, 0x0000, 0x0000, 0x0000, 0x0000, 0x0000, 0x0000,
    0x0000, 0x0000, 0x0000, 0x0000, 0x0000, 0x0000, 0x0000, 0x0000, 0x0000, 0x0000, 0x0000, 0x0000, 0x0000, 0x0000, 0x0000, 0x0000,
    0x0000, 0x0000, 0x0000, 0x0000, 0x0000, 0x0000, 0x0000, 0x0000, 0x0000, 0x0000, 0x0000, 0x0000, 0x0000, 0x0000, 0x0000, 0x0000,
    0x0000, 0x0000, 0x0000, 0x0000, 0x0000, 0x0000, 0x0000, 0x0000, 0x0000, 0x0000, 0x0000, 0x0000, 0x0000, 0x0000, 0x0000, 0x0000,
    0x0000, 0x0000, 0x0000, 0x0000, 0x0000, 0x0000, 0x0000, 0x0000, 0x0000, 0x0000, 0x0000, 0x0000, 0x0000, 0x0000, 0x0000, 0x0000,
    0x0000, 0x0000, 0x0000, 0x0000, 0x0000, 0x0000, 0x0000, 0x0000, 0x0000, 0x0000, 0x0000, 0x0000, 0x0000, 0x0000, 0x0000, 0x0000,
    0x0000, 0x0000, 0x0000, 0x0000, 0x0000, 0x0000, 0x0000, 0x0000, 0x0000, 0x0000, 0x0000, 0x0000, 0x0000, 0x0000, 0x0000, 0x0000,
    0x0000, 0x0000, 0x0000, 0x0000, 0x0000, 0x0000, 0x0000, 0x0000, 0x0000, 0x0000, 0x0000, 0x0000, 0x0000, 0x0000, 0x0000, 0x0000,
    0x0000, 0x0000, 0x0000, 0x0000, 0x0000, 0x0000, 0x0000, 0x0000, 0x0000, 0x0000, 0x0000, 0x0000, 0x0000, 0x0000, 0x0000, 0x0000,
    0x0000, 0x0000, 0x0000, 0x0000, 0x0000, 0x0000, 0x0000, 0x0000, 0x0000, 0x0000, 0x0000, 0x0000, 0x0000, 0x0000, 0x0000, 0x0000,
    0x0000, 0x0000, 0x0000, 0x0000, 0x0000, 0x0000, 0x0000, 0x0000, 0x0000, 0x0000, 0x0000, 0x0000, 0x0000, 0x0000, 0x0000, 0x0000,
    0x0000, 0x0000, 0x0000, 0x0000, 0x0000, 0x0000, 0x0000, 0x0000, 0x0000, 0x0000, 0x0000, 0x0000, 0x0000, 0x0000, 0x0000, 0x0000,
    0x0000, 0x0000, 0x0000, 0x0000, 0x0000, 0x0000, 0x0000, 0x0000, 0x0000, 0x0000, 0x0000, 0x0000, 0x0000, 0x0000, 0x0000, 0x0000,
    0x0000, 0x0000, 0x0000, 0x0000, 0x0000, 0x0000, 0x0000, 0x0000, 0x0000, 0x0000, 0x0000, 0x0000, 0x0000, 0x0000, 0x0000, 0x0000,
    0x0000, 0x0000, 0x0000, 0x0000, 0x0000, 0x0000, 0x0000, 0x0000, 0x0000, 0x0000, 0x0000, 0x0000, 0x0000, 0x0000, 0x0000, 0x0000,
    0x0000, 0x0000, 0x0000, 0x0000, 0x0000, 0x0000, 0x0000, 0x0000, 0x0000, 0x0000, 0x0000, 0x0000, 0x0000, 0x0000, 0x0000, 0x0000,
    0x0000, 0x0000, 0x0000, 0x0000, 0x0000, 0x0000, 0x0000, 0x0000, 0x0000, 0x0000, 0x0000, 0x0000, 0x0000, 0x0000, 0x0000, 0x0000,
    0x0000, 0x0000, 0x0000, 0x0000, 0x0000, 0x0000, 0x0000, 0x0000, 0x0000, 0x0000, 0x0000, 0x0000, 0x0000, 0x0000, 0x0000, 0x0000,
    0x0000, 0x0000, 0x0000, 0x0000, 0x0000, 0x0000, 0x0000, 0x0000, 0x0000, 0x0000, 0x0000, 0x0000, 0x0000, 0x0000, 0x0000, 0x0000,
};
#endif // SNOWBALL_ICON_H
